Nom de test ;Catégorie de test;Direction métier (Nomination Capgemin/MG2);Répartition (STM/ SSTM / SYNTHESE );Test d'homologation;Pays de commercialisation;Prestation à valider;Sous prestation;Catégorie du Véhicule;Stratégie de Validation;Pourcentage de la nécessité de la réalisation de l'essai;Prix de l'essai en (€);Jalon;Durée de l'essai (Jour);Lieu de réalisation de l'essai;Description de l'essai;Test à faire dans le cadre d'une Mi-vie;Zone de modification;Niveau de modification;Type de moyen;Moyen Dédié /Partagé
Validation Homolo. SCx -+A2:A85 homologation;OPTIMIZE CONSUMPTION AND AUTONOMY;MG2 - DMA;Synthèse;X;Toutes destinations;Aerodynamique;Aérodynamique;M1, N1;Test physique;100%;3000;Industrialisation;10.0;IDIADA Espagne;;Oui;Face avant & Face arrière;Niveau 1 : Face AV (PC +Optiques) + Face ARR + Capot  [Modification légère, Structure véhicule non modifiée];MC - Full test equipment;Dédié 
Mise au point Bruits Parasites;RESIST TO MECHANICAL ENVIRONMENT;MG2 - DMA;Synthèse;;Toutes destinations;Bruit ;Bruits Parasites général;Toutes catégories;Test physique;100%;2000;Industrialisation;2;UTAC Oued Zem;;Oui;Face avant & Face Arrière & Habitacle & Face Lat;Niveau 3 : Niveau 2 + Garnissages (Portes, Pieds,...)+Pdb + Console [Mofification lourde avec des changements dans l'habitacle, structure modifiée];MC - Full test equipment;Partagé
Essai étanchéïté dynamique passage au gué 5 et 10 cm;RESIST TO MECHANICAL ENVIRONMENT;MG2 - DMA;Synthèse;;Europe;Étanchéité;Etanchéité sousbassement ;M1, N1;Test physique;100%;1500;Industrialisation;10.0;UTAC Oued Zem;;Oui;Face avant & Habitacle;Niveau 3 : Niveau 2 + Garnissages (Portes, Pieds,...)+Pdb + Console [Mofification lourde avec des changements dans l'habitacle, structure modifiée];MC - Full test equipment;Partagé
Essai étancheïté statique renversement accidentel;RESIST TO MECHANICAL ENVIRONMENT;MG2 - DMA;Synthèse;;Europe;Étanchéité;Étanchéité Console;M1, N1;Test physique;100%;1500;Industrialisation;5.0;UTAC Oued Zem;;Non ;;;MC - Full test equipment;Partagé
Essai étanchéité statique auvent;RESIST TO MECHANICAL ENVIRONMENT;MG2 - DMA;Synthèse;;Europe;Étanchéité;Étanchéité auvent;M1, N1;Test physique;100%;1500;Industrialisation;5.0;UTAC Oued Zem;;Oui;Face avant (Front-end);Niveau 1 : Face AV (PC +Optiques) + Face ARR + Capot  [Modification légère, Structure véhicule non modifiée];MC - Full test equipment;Partagé
Essai étanchéité dynamique poussière (tunnel);RESIST TO MECHANICAL ENVIRONMENT;MG2 - DMA;Synthèse;;Europe;Étanchéité;Étanchéité poussière;M1, N1;Test physique;100%;1450;Industrialisation;10.0;UTAC Oued Zem;;Oui;Face avant & Face Arrière & Habitacle;Niveau 3 : Niveau 2 + Garnissages (Portes, Pieds,...)+Pdb + Console [Mofification lourde avec des changements dans l'habitacle, structure modifiée];MC - Full test equipment;Partagé
Essai étanchéité dynamique eau / neige;RESIST TO MECHANICAL ENVIRONMENT;MG2 - DMA;Synthèse;;Europe;Étanchéité;Étanchéité silhouette complète;M1, N1;Test physique;100%;1500;Industrialisation;10.0;IDIADA Espagne;;Oui;Face avant & Face Arrière & Habitacle;Niveau 3 : Niveau 2 + Garnissages (Portes, Pieds,...)+Pdb + Console [Mofification lourde avec des changements dans l'habitacle, structure modifiée];MC - Full test equipment;Partagé
Essai étanchéité statique eau;RESIST TO MECHANICAL ENVIRONMENT;MG2 - DMA;Synthèse;;Europe;Étanchéité;Étanchéité silhouette complète;M1, N1;Test physique;100%;1500;Industrialisation;10.0;Usine Stellantis Kénitra ;;Oui;Face avant & Face Arrière & Habitacle;Niveau 3 : Niveau 2 + Garnissages (Portes, Pieds,...)+Pdb + Console [Mofification lourde avec des changements dans l'habitacle, structure modifiée];MC - Full test equipment;Partagé
Essai étanchéité / condensation projecteurs, feux, feux diurnes;RESIST TO MECHANICAL ENVIRONMENT;MG2 - DMA;Synthèse;;Toutes destinations;Étanchéité;Etanchéité Feux ;Toutes catégories;Test physique;100%;1500;Industrialisation;10.0;Belchamp;;Oui;Face avant & Face arrière;Niveau 1 : Face AV (PC +Optiques) + Face ARR + Capot  [Modification légère, Structure véhicule non modifiée];MC - Full test equipment;Partagé
Essai étanchéité statique poussière (cabine);RESIST TO MECHANICAL ENVIRONMENT;MG2 - DMA;Synthèse;;Europe;Étanchéité;Etanchéité Poussière;M1, N1;Test physique;100%;1500;Industrialisation;10.0;UTAC Oued Zem;;Oui;Face avant & Face Arrière & Habitacle & Face Lat;Niveau 3 : Niveau 2 + Garnissages (Portes, Pieds,...)+Pdb + Console [Mofification lourde avec des changements dans l'habitacle, structure modifiée];MC - Full test equipment;Partagé
Essai étanchéïté statique lavage rouleaux;RESIST TO MECHANICAL ENVIRONMENT;MG2 - DMA;Synthèse;;Europe;Étanchéité;Étanchéité silhouette complète;M1, N1;Test physique;100%;1500;Industrialisation;3.0;Belchamp;;Oui;Face avant & Face Arrière & Habitacle & Face Lat;Niveau 3 : Niveau 2 + Garnissages (Portes, Pieds,...)+Pdb + Console [Mofification lourde avec des changements dans l'habitacle, structure modifiée];MC - Full test equipment;Partagé
Essai étanchéïté statique lavage haute pression;RESIST TO MECHANICAL ENVIRONMENT;MG2 - DMA;Synthèse;;Europe;Étanchéité;Étanchéité silhouette complète;M1, N1;Test physique;100%;1500;Industrialisation;3.0;UTAC Oued Zem;;Oui;Face avant & Face Arrière & Habitacle & Face Lat;Niveau 3 : Niveau 2 + Garnissages (Portes, Pieds,...)+Pdb + Console [Mofification lourde avec des changements dans l'habitacle, structure modifiée];MC - Full test equipment;Partagé
Essai étanchéïté statique: exposition à la pluie en position découvert;RESIST TO MECHANICAL ENVIRONMENT;MG2 - DMA;Synthèse;;Europe;Étanchéité;Étanchéité ouvrants;M1, N1;Test physique;100%;1500;Industrialisation;10.0;Usine Stellantis Kénitra ;;Non ;;Niveau 3 : Niveau 2 + Garnissages (Portes, Pieds,...)+Pdb + Console [Mofification lourde avec des changements dans l'habitacle, structure modifiée];MC - Full test equipment;Partagé
Essai étanchéité poussière (cabine puis tunnel);RESIST TO MECHANICAL ENVIRONMENT;MG2 - DMA;Synthèse;;Toutes destinations;Étanchéité;Etanchéité Poussière;M1, N1;Test physique;100%;1450;Industrialisation;20.0;UTAC Oued Zem;;Non ;;;MC - Full test equipment;Partagé
 R11 - Serrures et charnières portes;SAFE OPENING AND CLOSING OF THE VEHICLE;MG2 - DMA;Synthèse;X;Toutes destinations;La Conformité réglementaire;Conformité réglementaire et fonctionnelle de l’ouvrant ;M1, N1;Test physique;100%;to be defined;Industrialisation;2;IDIADA Espagne;;Non ;;;MC - Full test equipment;Dédié 
Prélim homologation AP TO  zone AV et/ou AR (entrebaillement);SAFE OPENING AND CLOSING OF THE VEHICLE;MG2 - DMA;Synthèse;X;Toutes destinations;La Conformité réglementaire;Conformité réglementaire et fonctionnelle de l’ouvrant / Etanchéité;M1, N1;Test physique;100%;3000;Industrialisation;1.0;IDIADA Espagne;;Non ;;;MC - Full test equipment;Dédié 
Essai CEM véhicule d'homologation;RESIST TO ELECTRO-MAGNETIC ENVIRONMENT;MG2 - DMA;Synthèse;X;Toutes destinations;"émissions électromagnétiques (EMI)
immunité électromagnétique (EMS)";CEM;Toutes catégories;Test physique;100%;20000;Industrialisation;30;IDIADA Espagne;;Oui;Face avant & Face Arrière & Habitacle & Face Lat;Niveau 3 : Niveau 2 + Garnissages (Portes, Pieds,...)+Pdb + Console [Mofification lourde avec des changements dans l'habitacle, structure modifiée];MC - Full test equipment;Dédié 
Essai vieillissement Bruits parasites banc B4V (avec écoute avant et map après vieillissement);RESIST TO MECHANICAL ENVIRONMENT;MG2 - DMA;Synthèse;;Toutes destinations;Bruit ;Bruits Parasites après vieillissement;Toutes catégories;Test physique;100%;2000;Industrialisation;40.0;IDIADA Espagne;;Oui;Face avant & Face Arrière & Habitacle;Niveau 3 : Niveau 2 + Garnissages (Portes, Pieds,...)+Pdb + Console [Mofification lourde avec des changements dans l'habitacle, structure modifiée];MC - Full test equipment;Dédié 
Homologation DSGi;VEHICLE DYNAMICS;MG2 - DMA;Synthèse;X;Toutes destinations;Contrôle de la stabilité du véhicule;Sécurité;M1, N1;Test physique;100%;3000;Industrialisation;2.0;IDIADA Espagne;;Non ;;;MC - Full test equipment;Dédié 
Homologation Avertisseur Sonore;NOISE VIBRATION AND HARSHNESS;MG2 - DMA;Synthèse;X;Toutes destinations;"Niveau sonore minimal et maximal
Fréquence ou bande spectrale exigée
Fonctionnement correct dans les conditions d’usage
Temps de réponse
Localisation et intégrité acoustique";Avertisseur sonore;Toutes catégories;Test physique;100%;3000;Industrialisation;5.0;IDIADA Espagne;;Non ;;;MC - Full test equipment;Dédié 
Pré-Homolo Avertisseur sonore;NOISE VIBRATION AND HARSHNESS;MG2 - DMA;Synthèse;X;Toutes destinations;"Niveau sonore minimal et maximal
Fréquence ou bande spectrale exigée
Fonctionnement correct dans les conditions d’usage
Temps de réponse
Localisation et intégrité acoustique";Avertisseur sonore;Toutes catégories;Test physique;100%;3000;Industrialisation;5.0;IDIADA Espagne;;Non ;;;MC - Full test equipment;Dédié 
Homologations Inviolabilité PROVA Physique;ENSURE THEFT PROTECTION;MG2 - DMA;Synthèse;X;Europe;inviolabilité réglementaire;Inviolabilité;M1, N1;Test physique;100%;3000;Industrialisation;0.0;IDIADA Espagne;;Non ;;;MC - Full test equipment;Dédié 
NSE : Homologation;NOISE VIBRATION AND HARSHNESS;MG2 - DMA;Synthèse;X;Toutes destinations;Bruit ;Avertisseur sonore;M1, N1;Test physique;100%;3000;Industrialisation;10.0;IDIADA Espagne;;Non ;;;MC - Full test equipment;Dédié 
Essuyage et Lavage Préliminaire Homologation UE;PERCEIVE ENVIRONMENT AND BE PERCEIVED;MG2 - DMA;Synthèse;X;Europe;Essuyage/Lavage;Essuyage/Lavage;M1, N1;Test physique;100%;2000;Industrialisation;5.0;IDIADA Espagne;;Non ;;;MC - Full test equipment;Dédié 
Essuyage et Lavage Homologation UE;PERCEIVE ENVIRONMENT AND BE PERCEIVED;MG2 - DMA;Synthèse;X;Europe;Essuyage/Lavage;Essuyage/Lavage;M1, N1;Test physique;100%;2000;Industrialisation;5.0;IDIADA Espagne;;Non ;;;MC - Full test equipment;Dédié 
Essuyage et Lavage Homologation USA;PERCEIVE ENVIRONMENT AND BE PERCEIVED;MG2 - DMA;Synthèse;X;USA;Essuyage/Lavage;Essuyage/Lavage;M1;Test physique;100%;2000;Industrialisation;15.0;IDIADA Espagne;;Non ;;;MC - Full test equipment;Dédié 
HOMOLOGATION CHAMPS DE VISI EUROPE;PROVIDE PHYSICAL ERGONOMICS AND SPACE FOR OCCUPANTS AND LUGGAGE;MG2 - DMA;Synthèse;X;Europe;champ de vision;Visibilité;M1, N1;Test physique;100%;3000;Industrialisation;3.0;IDIADA Espagne;;Oui;Face avant & Habitacle;Niveau 3 : Niveau 2 + Garnissages (Portes, Pieds,...)+Pdb + Console [Mofification lourde avec des changements dans l'habitacle, structure modifiée];MC - Full test equipment;Dédié 
Emissions _ Moteur thermique _ Pollu/Conso _ WLTP_  23° + double testing NEDC VH/VL (1 configuration de test) + 14 °_homologation;CONTROL VEHICLE EMISSIONS;MG2 - DMA;Synthèse;X;Europe;Emissions;Emissions;M1, N1;Physique ;100%;35000;Industrialisation;75.0;IDIADA Espagne;;Non ;;;MC - Full test equipment;Dédié 
Emissions _ Moteur thermique _ Pollu/Conso _ WLTP _ Real Driving Emissions (RDE)_homologation;CONTROL VEHICLE EMISSIONS;MG2 - DMA;Synthèse;X;Europe;Emissions;Emissions;M1, N1;Test physique;100%;35000;Industrialisation;45.0;IDIADA Espagne;;Non ;;;MC - Full test equipment;Dédié 
Emissions _ Moteur essence _ Pollu/Conso _ WLTP _ Real Driving Emissions (RDE) + -7°_homologation;CONTROL VEHICLE EMISSIONS;MG2 - DMA;Synthèse;X;Toutes destinations;Emissions;Emissions;M1, N1;Physique ;100%;35000;Industrialisation;65.0;IDIADA Espagne;;Non ;;;MC - Full test equipment;Dédié 
Emissions _ Moteur essence _ Evaporation _ 48 h avec baking _homologation;CONTROL VEHICLE EMISSIONS;MG2 - DMA;Synthèse;X;Toutes destinations;Emissions;Emissions;M1, N1;Physique ;100%;35000;Industrialisation;140;IDIADA Espagne;;Non ;;;MC - Full test equipment;Dédié 
Emissions _ Moteur thermique_Coast Down _ WLTP _ Perte de trains _homologation;CONTROL VEHICLE EMISSIONS;MG2 - DMA;Synthèse;X;Europe;Emissions;Emissions;M1, N1;Physique ;100%;35000;Industrialisation;70.0;IDIADA Espagne;;Non ;;;MC - Full test equipment;Dédié 
AVAS Homologation;NOISE VIBRATION AND HARSHNESS;MG2 - DMA;Synthèse;X;Toutes destinations;AVAS;AVAS;M1, N1, L7;Test physique;100%;3000;Industrialisation;5.0;IDIADA Espagne;;Oui;Face avant & Face Arrière & Habitacle & Face Lat;Niveau 3 : Niveau 2 + Garnissages (Portes, Pieds,...)+Pdb + Console [Mofification lourde avec des changements dans l'habitacle, structure modifiée];MC - Full test equipment;Dédié 
Pesée véhicule;ENVIRONMENT ARCHITECTURE;MG2 - DMA;Synthèse;;Toutes destinations;Masses;Pesée véhicule;Toutes catégories;Test physique;100%;3000;Industrialisation;1.0;IDIADA Espagne;;Oui;Face avant & Face Arrière & Habitacle & Face Lat;Niveau 3 : Niveau 2 + Garnissages (Portes, Pieds,...)+Pdb + Console [Mofification lourde avec des changements dans l'habitacle, structure modifiée];MC - Full test equipment;Partagé
Cotation Bruits Parasites;RESIST TO MECHANICAL ENVIRONMENT;MG2 - DMA;Synthèse;;Toutes destinations;Bruit ;Bruits Parasites;Toutes catégories;Test physique;100%;2000;Industrialisation;3.0;UTAC Oued Zem;;Oui;Face avant & Face Arrière & Habitacle;Niveau 3 : Niveau 2 + Garnissages (Portes, Pieds,...)+Pdb + Console [Mofification lourde avec des changements dans l'habitacle, structure modifiée];MC - Full test equipment;Partagé
Homologation ESC;VEHICLE DYNAMICS;MG2 - DMA;Synthèse;X;Toutes destinations;La Conformité réglementaire;Conformité réglementaire et fonctionnelle de ESC;M1, N1;Test physique;100%;5000;Industrialisation;40.0;IDIADA Espagne;;Oui;Soubassement ;;MC - Full test equipment;Dédié 
Frein principal - Homologation;VEHICLE DYNAMICS;MG2 - DMA;Synthèse;X;Toutes destinations;Freinage;Sécurité;Toutes catégories;Test physique;100%;5000;Industrialisation;20.0;IDIADA Espagne;;Oui;Soubassement ;;MC - Full test equipment;Dédié 
Calcul bruits parasites portes AV;RESIST TO MECHANICAL ENVIRONMENT;MG2 - DMA;Synthèse;;Toutes destinations;Bruit ;Bruits Parasites portes;M1, N1;Numérique;100%;2000;Industrialisation;20.0;;;Oui;Vue latérale (Side view);Niveau 3 : Niveau 2 + Garnissages (Portes, Pieds,...)+Pdb + Console [Mofification lourde avec des changements dans l'habitacle, structure modifiée];MC - Full test equipment;Partagé
Calcul bruits parasites portes AR;RESIST TO MECHANICAL ENVIRONMENT;MG2 - DMA;Synthèse;;Toutes destinations;Bruit ;Bruits Parasites portes;M1, N1;Numérique;100%;2000;Industrialisation;30.0;;;Oui;Vue latérale (Side view);Niveau 3 : Niveau 2 + Garnissages (Portes, Pieds,...)+Pdb + Console [Mofification lourde avec des changements dans l'habitacle, structure modifiée];MC - Full test equipment;Partagé
Calcul bruits parasites Volet AR;RESIST TO MECHANICAL ENVIRONMENT;MG2 - DMA;Synthèse;;Toutes destinations;Bruit ;Bruits Parasites Volet;M1, N1;Numérique;100%;2000;Industrialisation;30.0;;;Oui;Face arrière (Rear-end);Niveau 3 : Niveau 2 + Garnissages (Portes, Pieds,...)+Pdb + Console [Mofification lourde avec des changements dans l'habitacle, structure modifiée];MC - Full test equipment;Partagé
Calcul bruits parasites planche de bord et console centrale;RESIST TO MECHANICAL ENVIRONMENT;MG2 - DMA;Synthèse;;Toutes destinations;Bruit ;Bruits Parasites planche de bord;M1, N1;Numérique;100%;2000;Industrialisation;30.0;;;Oui;Habitacle;Niveau 3 : Niveau 2 + Garnissages (Portes, Pieds,...)+Pdb + Console [Mofification lourde avec des changements dans l'habitacle, structure modifiée];MC - Full test equipment;Partagé
Calcul bruits parasites cielo ou toit ouvrant;RESIST TO MECHANICAL ENVIRONMENT;MG2 - DMA;Synthèse;;Toutes destinations;Bruit ;Bruits Parasites toit;M1, N1;Numérique;100%;2000;Industrialisation;30.0;;;Oui;Habitacle;Niveau 3 : Niveau 2 + Garnissages (Portes, Pieds,...)+Pdb + Console [Mofification lourde avec des changements dans l'habitacle, structure modifiée];MC - Full test equipment;Partagé
Performance chauffage_homologation;PROVIDE THERMAL COMFORT;MG2 - DMA;Synthèse;X;Toutes destinations;Performance chauffage;Performance thermique;M1, N1;Test physique;100%;3000;Industrialisation;20.0;IDIADA Espagne;;Oui;Face avant & Habitacle;Niveau 3 : Niveau 2 + Garnissages (Portes, Pieds,...)+Pdb + Console [Mofification lourde avec des changements dans l'habitacle, structure modifiée];MC - Full test equipment;Dédié 
Performance dégivrage/désembuage_homologation;PROVIDE THERMAL COMFORT;MG2 - DMA;Synthèse;X;Toutes destinations;La conformité réglementaire ; Conformité réglementaire et fonctionnelle dégivrage/désembuage;M1, N1;Physique ;100%;3000;Industrialisation;2;IDIADA Espagne;;Oui;Face avant (Front-end);Niveau 1 : Face AV (PC +Optiques) + Face ARR + Capot  [Modification légère, Structure véhicule non modifiée];MC - Full test equipment;Dédié 
Eclairage et Signalisation - Préliminaire et Homologation;PERCEIVE ENVIRONMENT AND BE PERCEIVED;MG2 - DMA;Synthèse;X;Toutes destinations;Signalisation/Éclairage;Signalisation/Éclairage;Toutes catégories;Test physique;100%;3000;Industrialisation;15.0;IDIADA Espagne;;Oui;Face avant & Face Arrière  & Face Lat;Niveau 3 : Niveau 2 + Garnissages (Portes, Pieds,...)+Pdb + Console [Mofification lourde avec des changements dans l'habitacle, structure modifiée];MC - Full test equipment;Dédié 
Selective Catalytic reduction_Homologation dégel;ENSURE THERMAL PROTECTION;MG2 - DMA;Synthèse;X;Toutes destinations;La conformité réglementaire ;SCR (Selective Catalytic Reduction) : fonctionnement en basse température;M1, N1;Physique ;100%;3000;Industrialisation;15.0;IDIADA Espagne;;Oui;Face arrière (Rear-end);Niveau 1 : Face AV (PC +Optiques) + Face ARR + Capot  [Modification légère, Structure véhicule non modifiée];MC - Full test equipment;Dédié 
Masse et dimensions _ Capacité de démarrage en côte _ homologation;LONGITUDINAL PERFORMANCE AND DRIVABILITY;MG2 - DMA;Synthèse;X;Toutes destinations;Démarrage en côte;Sécurité ;Toutes catégories;Test physique;100%;3000;Industrialisation;20.0;UTAC Oued Zem;;Oui;Soubassement ;;MC - Full test equipment;Dédié 
Emissions _ Moteur thermique _ Pollu/Conso _ WLTP_  23° + double testing NEDC VH/VL (1 configuration de test)_homologation;CONTROL VEHICLE EMISSIONS;MG2 - DMA;Synthèse;X;Europe;Emissions;Emissions;M1, N1;Physique ;100%;35000;Industrialisation;65.0;IDIADA Espagne;;Non;;;MC - Full test equipment;Dédié 
Emissions _ Moteur thermique _ Pollu/Conso _ WLTP_  23° + double testing NEDC VH/VL (2 configurations de test)_homologation;CONTROL VEHICLE EMISSIONS;MG2 - DMA;Synthèse;X;Europe;Emissions;Emissions;M1, N1;Physique ;100%;35000;Industrialisation;90.0;IDIADA Espagne;;Non;;;MC - Full test equipment;Dédié 
Emissions _ Moteur thermique _ Pollu/Conso _ WLTP_  23° + double testing NEDC VH/VL (1 configuration de test) + Ki_homologation;CONTROL VEHICLE EMISSIONS;MG2 - DMA;Synthèse;X;Europe;Emissions;Emissions;M1, N1;Physique ;100%;35000;Industrialisation;45.0;IDIADA Espagne;;Non;;;MC - Full test equipment;Dédié 
Emissions _ Moteur thermique _ Pollu/Conso _ WLTP_  23° + double testing NEDC VH/VL (1 configuration de test) + 14 ° + Ki_homologation;CONTROL VEHICLE EMISSIONS;MG2 - DMA;Synthèse;X;Europe;Emissions;Emissions;M1, N1;Physique ;100%;35000;Industrialisation;90.0;IDIADA Espagne;;Non;;;MC - Full test equipment;Dédié 
Emissions _ PHEV _ Pollu/Conso _ WLTP _ 23° + double testing NEDC VH/VL _ en sustaining, en depleting + autonomie ZEV_homologation;CONTROL VEHICLE EMISSIONS;MG2 - DMA;Synthèse;X;Toutes destinations;Emissions;Emissions;M1, N1;Physique ;100%;45000;Industrialisation;135.0;IDIADA Espagne;;Non;;;MC - Full test equipment;Dédié 
Emissions _ PHEV _ Pollu/Conso _ WLTP _ 23° + double testing NEDC VH/VL _ en sustaining, en depleting + autonomie ZEV + 14° en sustaining_homologation;CONTROL VEHICLE EMISSIONS;MG2 - DMA;Synthèse;X;Toutes destinations;Emissions;Emissions;M1, N1;Physique ;100%;45000;Industrialisation;145.0;IDIADA Espagne;;Non;;;MC - Full test equipment;Dédié 
Emissions _ PHEV _ Pollu/Conso _ WLTP _ 23° + double testing NEDC VH/VL _ en sustaining, en depleting + autonomie ZEV + ki_homologation;CONTROL VEHICLE EMISSIONS;MG2 - DMA;Synthèse;X;Toutes destinations;Emissions;Emissions;M1, N1;Physique ;100%;45000;Industrialisation;150.0;IDIADA Espagne;;Non;;;MC - Full test equipment;Dédié 
Emissions _ PHEV _ Pollu/Conso _ WLTP _ 23° + double testing NEDC VH/VL _ en sustaining, en depleting + autonomie ZEV + 14° en sustaining + Ki_homologation;CONTROL VEHICLE EMISSIONS;MG2 - DMA;Synthèse;X;Toutes destinations;Emissions;Emissions;M1, N1;Physique ;100%;45000;Industrialisation;160.0;IDIADA Espagne;;Non;;;MC - Full test equipment;Dédié 
Emissions _ BEV _ WLTP _ 23° VH/VL _ autonomie mode par  défaut_homologation;CONTROL VEHICLE EMISSIONS;MG2 - DMA;Synthèse;X;Toutes destinations;Emissions;Emissions;M1, N1, L7;Physique ;100%;45000;Industrialisation;65.0;IDIADA Espagne;;Non;;;MC - Full test equipment;Dédié 
Emissions _ Moteur thermique _ Pollu/conso _ NEDC_homologation;CONTROL VEHICLE EMISSIONS;MG2 - DMA;Synthèse;X;Europe;Emissions;Emissions;M1, N1;Physique ;100%;35000;Industrialisation;65.0;IDIADA Espagne;;Non;;;MC - Full test equipment;Dédié 
Emissions _ Moteur thermique _ Pollu/Conso _ WLTP_  Ki _homologation;CONTROL VEHICLE EMISSIONS;MG2 - DMA;Synthèse;X;Europe;Emissions;Emissions;M1, N1;Test physique;100%;35000;Industrialisation;40.0;IDIADA Espagne;;Non;;;MC - Full test equipment;Dédié 
Emissions _ PHEV _ Pollu/Conso _ WLTP_  Ki _homologation;CONTROL VEHICLE EMISSIONS;MG2 - DMA;Synthèse;X;Toutes destinations;Emissions;Emissions;M1, N1;Physique ;100%;45000;Industrialisation;40.0;IDIADA Espagne;;Non;;;MC - Full test equipment;Dédié 
Emissions _ Moteur essence _ Pollu/Conso _ WLTP _ - 7°_homologation;CONTROL VEHICLE EMISSIONS;MG2 - DMA;Synthèse;X;Toutes destinations;Emissions;Emissions;M1, N1;Physique ;100%;35000;Industrialisation;25.0;IDIADA Espagne;;Non;;;MC - Full test equipment;Dédié 
Emissions _ PHEV _ Pollu/Conso _ WLTP _ Real Driving Emissions (RDE)_homologation;CONTROL VEHICLE EMISSIONS;MG2 - DMA;Synthèse;X;Toutes destinations;Emissions;Emissions;M1, N1;Physique ;100%;45000;Industrialisation;45.0;IDIADA Espagne;;Non;;;MC - Full test equipment;Dédié 
Emissions _ PHEV _ Pollu/Conso _ WLTP _ Real Driving Emissions (RDE) + - 7°_homologation;CONTROL VEHICLE EMISSIONS;MG2 - DMA;Synthèse;X;Toutes destinations;Emissions;Emissions;M1, N1;Physique ;100%;45000;Industrialisation;65.0;IDIADA Espagne;;Non;;;MC - Full test equipment;Dédié 
Emissions _ PHEV _ Pollu/Conso _ WLTP _ - 7°_homologation;CONTROL VEHICLE EMISSIONS;MG2 - DMA;Synthèse;X;Toutes destinations;Emissions;Emissions;M1, N1;Test physique;100%;45000;Industrialisation;25.0;IDIADA Espagne;;Non;;;MC - Full test equipment;Dédié 
Emissions _ Moteur thermique_WLTP_Accès aux informations EOBD _ Test perturbateur_homologation;CONTROL VEHICLE EMISSIONS;MG2 - DMA;Synthèse;X;Europe;Emissions;Emissions;M1, N1;Physique ;100%;35000;Industrialisation;85;IDIADA Espagne;;Non;;;MC - Full test equipment;Dédié 
Emissions _ NEDC_Accès aux informations EOBD _ Test perturbateur_homologation;CONTROL VEHICLE EMISSIONS;MG2 - DMA;Synthèse;X;Toutes destinations;Emissions;Emissions;M1, N1;Physique ;100%;35000;Industrialisation;85.0;IDIADA Espagne;;Non;;;MC - Full test equipment;Dédié 
Emissions _ PHEV_WLTP_Accès aux informations EOBD _ Test perturbateur_homologation;CONTROL VEHICLE EMISSIONS;MG2 - DMA;Synthèse;X;Toutes destinations;Emissions;Emissions;M1, N1;Physique ;100%;45000;Industrialisation;85.0;IDIADA Espagne;;Non;;;MC - Full test equipment;Dédié 
Emissions _ PHEV _ Evaporation _ 48 h avec baking _homologation;CONTROL VEHICLE EMISSIONS;MG2 - DMA;Synthèse;X;Toutes destinations;Emissions;Emissions;M1, N1;Test physique;100%;45000;Industrialisation;140.0;IDIADA Espagne;;Non;;;MC - Full test equipment;Dédié 
Emissions _ Moteur essence _ Evaporation _ 48 h sans baking _homologation;CONTROL VEHICLE EMISSIONS;MG2 - DMA;Synthèse;X;Toutes destinations;Emissions;Emissions;M1, N1;Physique ;100%;35000;Industrialisation;50.0;IDIADA Espagne;;Non;;;MC - Full test equipment;Dédié 
Emissions _ Moteur essence _ Evaporation _ 24 h _homologation;CONTROL VEHICLE EMISSIONS;MG2 - DMA;Synthèse;X;Toutes destinations;Emissions;Emissions;M1, N1;Test physique;100%;35000;Industrialisation;30.0;IDIADA Espagne;;Non;;;MC - Full test equipment;Dédié 
Emissions _ PHEV _ Evaporation _ 48 h sans baking _homologation;CONTROL VEHICLE EMISSIONS;MG2 - DMA;Synthèse;X;Toutes destinations;Emissions;Emissions;M1, N1;Physique ;100%;45000;Industrialisation;50.0;IDIADA Espagne;;Non;;;MC - Full test equipment;Dédié 
Emissions _ Moteur thermique_Coast Down _ NEDC _ Perte de trains_homologation;CONTROL VEHICLE EMISSIONS;MG2 - DMA;Synthèse;X;Europe;Emissions;Emissions;M1, N1;Physique ;100%;35000;Industrialisation;70.0;IDIADA Espagne;;Non;;;MC - Full test equipment;Dédié 
Emissions _ PHEV_Coast Down _ WLTP _ Perte de trains_homologation;CONTROL VEHICLE EMISSIONS;MG2 - DMA;Synthèse;X;Toutes destinations;Emissions;Emissions;M1, N1;Physique ;100%;45000;Industrialisation;70.0;IDIADA Espagne;;Non;;;MC - Full test equipment;Dédié 
Emissions _ BEV_Coast Down _ WLTP _ Perte de trains_homologation;CONTROL VEHICLE EMISSIONS;MG2 - DMA;Synthèse;X;Toutes destinations;Emissions;Emissions;M1, N1, L7;Physique ;100%;45000;Industrialisation;70.0;IDIADA Espagne;;Non;;;MC - Full test equipment;Dédié 
Régulateur de Vitesse Véhicule - Limiteur _ fonctionnement _ homologation;LONGITUDINAL PERFORMANCE AND DRIVABILITY;MG2 - DMA;Synthèse;X;Toutes destinations;Emissions;Emissions;M1, N1;Test physique;100%;3000;Industrialisation;30.0;IDIADA Espagne;;Oui;Face avant & Face Arrière & Habitacle & Face Lat;Niveau 3 : Niveau 2 + Garnissages (Portes, Pieds,...)+Pdb + Console [Mofification lourde avec des changements dans l'habitacle, structure modifiée];MC - Full test equipment;Dédié 
Choc parking AV-AR -homologation -ECE42/GS41;FRONT BUMPER;MG2 - DMA;Synthèse;X;Europe;Résistance au choc parking;Sécurité;M1, N1;Test physique;100%;5000;Industrialisation;10.0;IDIADA Espagne;;Oui;Face avant & Face arrière;Niveau 1 : Face AV (PC +Optiques) + Face ARR + Capot  [Modification légère, Structure véhicule non modifiée];MC - Full test equipment;Dédié 
Choc parking AV-AR -homologation -ECE42/GS41/ART.93;FRONT BUMPER;MG2 - DMA;Synthèse;X;Europe;Résistance au choc parking;Sécurité;M1, N1;Test physique;100%;5000;Industrialisation;10.0;IDIADA Espagne;;Oui;Face avant & Face arrière;Niveau 1 : Face AV (PC +Optiques) + Face ARR + Capot  [Modification légère, Structure véhicule non modifiée];MC - Full test equipment;Dédié 
Essai CEM véhicule d'homologation XeV;RESIST TO ELECTRO-MAGNETIC ENVIRONMENT;MG2 - DMA;Synthèse;X;Toutes destinations;"émissions électromagnétiques (EMI)
immunité électromagnétique (EMS)";CEM;M1, N1, L7;Test physique;100%;20000;Industrialisation;10.0;IDIADA Espagne;;Non;;;MC - Full test equipment;Dédié 
PHEV- Montée en pression (homologation);FUEL AND VAPOR STORAGE AND SUPPLY;MG2 - DMA;Synthèse;X;Toutes destinations;Système carburant / Pression réservoir : fonctionnement et safety;Système carburant / Pression réservoir;M1, N1;Test physique;100%;3000;Industrialisation;5.0;UTAC France;;Oui;Face arrière (Rear-end);Niveau 1 : Face AV (PC +Optiques) + Face ARR + Capot  [Modification légère, Structure véhicule non modifiée];MC - Full test equipment;Dédié 
FMVSS 302 inflammabilité  : homologation;BODY INTERIOR EQUIPMENT;MG2 - DMA;Synthèse;X;USA;Inflammabilité;Sécurité;M1, N1;Test physique;100%;5000;Industrialisation;20.0;UTAC France;;Oui;Habitacle;Niveau 3 : Niveau 2 + Garnissages (Portes, Pieds,...)+Pdb + Console [Mofification lourde avec des changements dans l'habitacle, structure modifiée];MC - Full test equipment;Dédié 
Trias 20-J027-01 inflammabilité  : homologation;BODY INTERIOR EQUIPMENT;MG2 - DMA;Synthèse;X;Japon;Homologation;Sécurité;M1, N1;Test physique;100%;5000;Industrialisation;20.0;UTAC France;;Oui;Habitacle;Niveau 3 : Niveau 2 + Garnissages (Portes, Pieds,...)+Pdb + Console [Mofification lourde avec des changements dans l'habitacle, structure modifiée];MC - Full test equipment;Dédié 
Régulateur de Vitesse Véhicule - Limiteur de Vitesse Véhicule IHM _ homologation;COCKPIT EASY HANDLING;MG2 - DMA;Synthèse;X;Toutes destinations;La conformité réglementaire ;Régulateur de Vitesse Véhicule - Limiteur de Vitesse Véhicule IHM : Fonctionnement et respect de la réglementation;M1, N1;Test physique;100%;3000;Industrialisation;1.0;IDIADA Espagne;;Oui;Habitacle;Niveau 3 : Niveau 2 + Garnissages (Portes, Pieds,...)+Pdb + Console [Mofification lourde avec des changements dans l'habitacle, structure modifiée];MC - Full test equipment;Dédié 
R80 - tenue des ancrages de sièges -  appui tête - N homologation;FRONT SEATS;MG2 - DMA;Synthèse;X;Europe;Tenue des ancrage siège;Sécurité;M1, N1;Test physique;100%;3000;Industrialisation;1.0;IDIADA Espagne;;Oui;Habitacle;Niveau 3 : Niveau 2 + Garnissages (Portes, Pieds,...)+Pdb + Console [Mofification lourde avec des changements dans l'habitacle, structure modifiée];MC - Full test equipment;Dédié 
Homologations Inviolabilité PROVA Physique - colonnes de direction;MECHANICAL STEERING COLUMN LOCK;MG2 - DMA;Synthèse;X;Europe;Inviolabilité;Sécurité;M1, N1;Test physique;100%;5000;Industrialisation;5.0;IDIADA Espagne;;Oui;Face avant & Habitacle;Niveau 1 : Face AV (PC +Optiques) + Face ARR + Capot  [Modification légère, Structure véhicule non modifiée];MC - Full test equipment;Dédié 
Trias 45-J084-01 Dispositifs lave-glace AV - homologation Japon;PERCEIVE ENVIRONMENT AND BE PERCEIVED;MG2 - DMA;Synthèse;X;Japon;La conformité réglementaire ;Respect réglementaire pour le dispositif de lave glace;M1, N1;Physique ;100%;3000;Industrialisation;5.0;IDIADA Espagne;;Oui;Face avant & Habitacle;Niveau 1 : Face AV (PC +Optiques) + Face ARR + Capot  [Modification légère, Structure véhicule non modifiée];MC - Full test equipment;Dédié 
Homologations Inviolabilité PROVA Physique - maquette;ENSURE THEFT PROTECTION;MG2 - DMA;Synthèse;X;Europe;Homologation;Inviolabilité;M1, N1;Test physique;100%;3000;Industrialisation;40.0;IDIADA Espagne;;Oui;Face avant & Habitacle;Niveau 1 : Face AV (PC +Optiques) + Face ARR + Capot  [Modification légère, Structure véhicule non modifiée];MC - Full test equipment;Dédié 
Frein de parking - Homologation;PREVENT VEHICLE MOTION;MG2 - DMA;Synthèse;X;Toutes destinations;Freinage;Freinage lors de parking;Toutes catégories;Test physique;100%;5000;Industrialisation;10.0;IDIADA Espagne;;Oui;Soubassement ;;MC - Full test equipment;Dédié 
Selective Catalytic reduction_Homologation dégel_chaîne d'alerte;CONTROL VEHICLE EMISSIONS;MG2 - DMA;Synthèse;X;Toutes destinations;La conformité réglementaire ;La conformité réglementaire du système SCR après dégel + le bon fonctionnement de toute la chaîne d’alerte OBD liée au système SCR;M1, N1;Test physique;100%;3000;Industrialisation;25.0;IDIADA Espagne;;Oui;Soubassement ;;MC - Full test equipment;Dédié 
Essai étanchéïté dynamique passage au gué suivant norme shangai DB31T634-2012;RESIST TO MECHANICAL ENVIRONMENT;MG2 - DMA;Synthèse;X;Europe;Étanchéité;Etanchéité sousbassement ;M1, N1;Test physique;100%;1500;Industrialisation;10.0;UTAC Oued Zem;;Oui;Soubassement ;;MC - Full test equipment;Dédié 
ECER137 Choc Frontal Mur Rigide 100% 50km/h;Choc Frontal Grande Vitesse;MG2 CAE;Synthèse;X;Europe;Sécurité Passive;Structure;Toutes catégories;Numérique;100%;NC;Développement;NC;;;Oui;Face avant (Front-end);Niveau 2 : Niveau 1 + Sacs AV/ARR + Jantes Roues [Modification Moyenne, Structure véhicule faiblement modifiée];NC;NC
CNCAP Choc Frontal Mur Rigide 100% 50km/h;Choc Frontal Grande Vitesse;MG2 CAE;Synthèse;;Chine;Sécurité Passive;Structure;Toutes catégories;Numérique;20%%;NC;Développement;NC;;;Non;Face avant (Front-end);Niveau 2 : Niveau 1 + Sacs AV/ARR + Jantes Roues [Modification Moyenne, Structure véhicule faiblement modifiée];NC;NC
ENCAP Choc Frontal Mur Rigide 100% 50km/h;Choc Frontal Grande Vitesse;MG2 CAE;Synthèse;;Europe;Sécurité Passive;Structure;Toutes catégories;Numérique;50%;NC;Développement;NC;;;Non;Face avant (Front-end);Niveau 2 : Niveau 1 + Sacs AV/ARR + Jantes Roues [Modification Moyenne, Structure véhicule faiblement modifiée];NC;NC
FMVSS208 Choc Frontal Mur Rigide 100% 56km/h;Choc Frontal Grande Vitesse;MG2 CAE;Synthèse;X;US;Sécurité Passive;Structure;Toutes catégories;Numérique;50%;NC;Développement;NC;;;Oui;Face avant (Front-end);Niveau 2 : Niveau 1 + Sacs AV/ARR + Jantes Roues [Modification Moyenne, Structure véhicule faiblement modifiée];NC;NC
FMVSS208 Choc Frontal Mur Rigide 100% 40km/h;Choc Frontal Grande Vitesse;MG2 CAE;Synthèse;X;US;Sécurité Passive;Structure;Toutes catégories;Numérique;20%;NC;Développement;NC;;;Oui;Face avant (Front-end);Niveau 2 : Niveau 1 + Sacs AV/ARR + Jantes Roues [Modification Moyenne, Structure véhicule faiblement modifiée];NC;NC
FMVSS208 Choc Frontal Mur Rigide 30% 40km/h DaD/DaG;Choc Frontal Grande Vitesse;MG2 CAE;Synthèse;X;US;Sécurité Passive;Structure;Toutes catégories;Numérique;20%;NC;Développement;NC;;;Oui;Face avant (Front-end);Niveau 2 : Niveau 1 + Sacs AV/ARR + Jantes Roues [Modification Moyenne, Structure véhicule faiblement modifiée];NC;NC
FMVSS301 Choc Frontal Mur Rigide 30% 48km/h DaD/DaG;Choc Frontal Grande Vitesse;MG2 CAE;Synthèse;X;US;Sécurité Passive;Structure;Toutes catégories;Numérique;20%;NC;Développement;NC;;;Oui;Face avant (Front-end);Niveau 2 : Niveau 1 + Sacs AV/ARR + Jantes Roues [Modification Moyenne, Structure véhicule faiblement modifiée];NC;NC
GB11551 Choc Frontal Mur Rigide 100% 50km/h;Choc Frontal Grande Vitesse;MG2 CAE;Synthèse;X;Chine;Sécurité Passive;Structure;Toutes catégories;Numérique;20%;NC;Développement;NC;;;Oui;Face avant (Front-end);Niveau 2 : Niveau 1 + Sacs AV/ARR + Jantes Roues [Modification Moyenne, Structure véhicule faiblement modifiée];NC;NC
IIHS RCAR Mur Rigide 10km/h 16° DaD/DaG;Choc Réparabilité Avant;MG2 CAE;Synthèse;X;US;Réparabilité;Structure;Toutes catégories;Numérique;75%;NC;Développement;NC;;;Oui;Face avant (Front-end);Niveau 2 : Niveau 1 + Sacs AV/ARR + Jantes Roues [Modification Moyenne, Structure véhicule faiblement modifiée];NC;NC
JNCAP Choc Frontal Mur Rigide 100% 55km/h;Choc Frontal Grande Vitesse;MG2 CAE;Synthèse;X;Japan;Sécurité Passive;Structure;Toutes catégories;Numérique;20%;NC;Développement;NC;;;Non;Face avant (Front-end);Niveau 2 : Niveau 1 + Sacs AV/ARR + Jantes Roues [Modification Moyenne, Structure véhicule faiblement modifiée];NC;NC
KMVSS102 Choc Frontal Mur Rigide 100% 48,3km/h;Choc Frontal Grande Vitesse;MG2 CAE;Synthèse;X;Korée;Sécurité Passive;Structure;Toutes catégories;Numérique;10%;NC;Développement;NC;;;Oui;Face avant (Front-end);Niveau 2 : Niveau 1 + Sacs AV/ARR + Jantes Roues [Modification Moyenne, Structure véhicule faiblement modifiée];NC;NC
KNCAP Choc Frontal Mur Rigide 100% 56,3km/h;Choc Frontal Grande Vitesse;MG2 CAE;Synthèse;X;Korée;Sécurité Passive;Structure;Toutes catégories;Numérique;10%;NC;Développement;NC;;;Non;Face avant (Front-end);Niveau 2 : Niveau 1 + Sacs AV/ARR + Jantes Roues [Modification Moyenne, Structure véhicule faiblement modifiée];NC;NC
RCAR Mur Rigide 15km/h 16° DaD/DaG;Choc Réparabilité Avant;MG2 CAE;Synthèse;X;Europe;Réparabilité;Structure;Toutes catégories;Numérique;100%;NC;Développement;NC;;;Oui;Face avant (Front-end);Niveau 1 : Face AV (PC +Optiques) + Face ARR + Capot  [Modification légère, Structure véhicule non modifiée];NC;NC
RCAR Barrière déformable 10km/h 0°;Choc Réparabilité Avant;MG2 CAE;Synthèse;X;Europe;Réparabilité;Structure;Toutes catégories;Numérique;100%;NC;Développement;NC;;;Oui;Face arrière (Rear-end);Niveau 1 : Face AV (PC +Optiques) + Face ARR + Capot  [Modification légère, Structure véhicule non modifiée];NC;NC
USNCAP Choc Frontal Mur Rigide 100% 56,3km/h;Choc Frontal Grande Vitesse;MG2 CAE;Synthèse;X;US;Sécurité Passive;Structure;Toutes catégories;Numérique;50%;NC;Développement;NC;;;Non;Face avant (Front-end);Niveau 2 : Niveau 1 + Sacs AV/ARR + Jantes Roues [Modification Moyenne, Structure véhicule faiblement modifiée];NC;NC
CNCAP Choc Frontal BFD 40% 56km/h;Choc Frontal Grande Vitesse;MG2 CAE;Synthèse;X;Chine;Sécurité Passive;Structure;Toutes catégories;Numérique;20%;NC;Développement;NC;;;Non;Face avant (Front-end);Niveau 2 : Niveau 1 + Sacs AV/ARR + Jantes Roues [Modification Moyenne, Structure véhicule faiblement modifiée];NC;NC
ECER94 Choc Frontal BFD 40% 56km/h DaD/DaG;Choc Frontal Grande Vitesse;MG2 CAE;Synthèse;X;Europe;Sécurité Passive;Structure;Toutes catégories;Numérique;100%;NC;Développement;NC;;;Oui;Face avant (Front-end);Niveau 2 : Niveau 1 + Sacs AV/ARR + Jantes Roues [Modification Moyenne, Structure véhicule faiblement modifiée];NC;NC
ENCAP Choc Frontal BFD 40% 64km/h DaD/DaG;Choc Frontal Grande Vitesse;MG2 CAE;Synthèse;X;Europe;Sécurité Passive;Structure;Toutes catégories;Numérique;75%;NC;Développement;NC;;;Non;Face avant (Front-end);Niveau 2 : Niveau 1 + Sacs AV/ARR + Jantes Roues [Modification Moyenne, Structure véhicule faiblement modifiée];NC;NC
ENCAP Choc Frontal BMD 50% 50km/h DaD/DaG;Choc Frontal Grande Vitesse;MG2 CAE;Synthèse;X;Europe;Sécurité Passive;Structure;Toutes catégories;Numérique;20%;NC;Développement;NC;;;Non;Face avant (Front-end);Niveau 2 : Niveau 1 + Sacs AV/ARR + Jantes Roues [Modification Moyenne, Structure véhicule faiblement modifiée];NC;NC
IIHS Choc Frontal BFD 40% 64,4km/h DaD/DaG;Choc Frontal Grande Vitesse;MG2 CAE;Synthèse;X;US;Sécurité Passive;Structure;Toutes catégories;Numérique;50%;NC;Développement;NC;;;Oui;Face avant (Front-end);Niveau 2 : Niveau 1 + Sacs AV/ARR + Jantes Roues [Modification Moyenne, Structure véhicule faiblement modifiée];NC;NC
IIHS Choc Frontal SMO 25% 64,4km/h DaD/DaG;Choc Frontal Grande Vitesse;MG2 CAE;Synthèse;X;US;Sécurité Passive;Structure;Toutes catégories;Numérique;30%;NC;Développement;NC;;;Oui;Face avant (Front-end);Niveau 2 : Niveau 1 + Sacs AV/ARR + Jantes Roues [Modification Moyenne, Structure véhicule faiblement modifiée];NC;NC
JNCAP Choc Frontal BFD 40% 64,0km/h DaD;Choc Frontal Grande Vitesse;MG2 CAE;Synthèse;X;Japan;Sécurité Passive;Structure;Toutes catégories;Numérique;20%;NC;Développement;NC;;;Non;Face avant (Front-end);Niveau 2 : Niveau 1 + Sacs AV/ARR + Jantes Roues [Modification Moyenne, Structure véhicule faiblement modifiée];NC;NC
KNCAP Choc Frontal BFD 40% 64,0km/h DaG;Choc Frontal Grande Vitesse;MG2 CAE;Synthèse;X;Korée;Sécurité Passive;Structure;Toutes catégories;Numérique;10%;NC;Développement;NC;;;Non;Face avant (Front-end);Niveau 2 : Niveau 1 + Sacs AV/ARR + Jantes Roues [Modification Moyenne, Structure véhicule faiblement modifiée];NC;NC
USNCAP Choc Frontal OMDB 35% 90,1km/h;Choc Frontal Grande Vitesse;MG2 CAE;Synthèse;X;US;Sécurité Passive;Structure;Toutes catégories;Numérique;30%;NC;Développement;NC;;;Non;Face avant (Front-end);Niveau 2 : Niveau 1 + Sacs AV/ARR + Jantes Roues [Modification Moyenne, Structure véhicule faiblement modifiée];NC;NC
ECER34 Choc Arrière BMR 100% DaD/DaG 50 km/h;Choc Arrière Grande Vitesse;MG2 CAE;Synthèse;X;Europe;Sécurité Passive;Structure;Toutes catégories;Numérique;100%;NC;Développement;NC;;;Oui;Face avant (Front-end);Niveau 2 : Niveau 1 + Sacs AV/ARR + Jantes Roues [Modification Moyenne, Structure véhicule faiblement modifiée];NC;NC
FMVSS301 Choc Arrière BMD 70% 80km/h Droite;Choc Arrière Grande Vitesse;MG2 CAE;Synthèse;X;US;Sécurité Passive;Structure;Toutes catégories;Numérique;70%;NC;Développement;NC;;;Oui;Face arrière (Rear-end);Niveau 2 : Niveau 1 + Sacs AV/ARR + Jantes Roues [Modification Moyenne, Structure véhicule faiblement modifiée];NC;NC
FMVSS301 Choc Arrière BMD 70% 80km/h Gauche;Choc Arrière Grande Vitesse;MG2 CAE;Synthèse;X;US;Sécurité Passive;Structure;Toutes catégories;Numérique;70%;NC;Développement;NC;;;Oui;Face arrière (Rear-end);Niveau 2 : Niveau 1 + Sacs AV/ARR + Jantes Roues [Modification Moyenne, Structure véhicule faiblement modifiée];NC;NC
KMVSS91 Choc Arrière BMR 100% 48,3km/h;Choc Arrière Grande Vitesse;MG2 CAE;Synthèse;X;Korée;Sécurité Passive;Structure;Toutes catégories;Numérique;30%;NC;Développement;NC;;;Oui;Face arrière (Rear-end);Niveau 2 : Niveau 1 + Sacs AV/ARR + Jantes Roues [Modification Moyenne, Structure véhicule faiblement modifiée];NC;NC
RCAR Arrière BMR 15km/h 16° DaD/DaG;Choc Réparabilité Arrière;MG2 CAE;Synthèse;X;Europe;Réparabilité;Structure;Toutes catégories;Numérique;100%;NC;Développement;NC;;;Oui;Face arrière (Rear-end);Niveau 1 : Face AV (PC +Optiques) + Face ARR + Capot  [Modification légère, Structure véhicule non modifiée];NC;NC
RCAR Arrière Barrière Déformable Fixe 10km/h 0°;Choc Réparabilité Arrière;MG2 CAE;Synthèse;X;Europe;Réparabilité;Structure;Toutes catégories;Numérique;100%;NC;Développement;NC;;;Oui;Face arrière (Rear-end);Niveau 1 : Face AV (PC +Optiques) + Face ARR + Capot  [Modification légère, Structure véhicule non modifiée];NC;NC
CNCAP Choc Latéral AE-MDB 50km/h;Choc Latéral Grande Vitesse;MG2 CAE;Synthèse;X;Chine;Sécurité Passive;Structure;Toutes catégories;Numérique;20%;NC;Développement;NC;;;Non;Vue latérale (Side view);Niveau 3 : Niveau 2 + Garnissages (Portes, Pieds,...)+Pdb + Console [Mofification lourde avec des changements dans l'habitacle, structure modifiée];NC;NC
ECER135 Choc Latéral Poteau Rigide D254 32km/h;Choc Latéral Grande Vitesse;MG2 CAE;Synthèse;X;Europe;Sécurité Passive;Structure;Toutes catégories;Numérique;100%;NC;Développement;NC;;;Oui;Vue latérale (Side view);Niveau 3 : Niveau 2 + Garnissages (Portes, Pieds,...)+Pdb + Console [Mofification lourde avec des changements dans l'habitacle, structure modifiée];NC;NC
ECER95 Choc Latéral Barrière MDB 50km/h Dad/DaG;Choc Latéral Grande Vitesse;MG2 CAE;Synthèse;X;Europe;Sécurité Passive;Structure;Toutes catégories;Numérique;100%;NC;Développement;NC;;;Oui;Vue latérale (Side view);Niveau 3 : Niveau 2 + Garnissages (Portes, Pieds,...)+Pdb + Console [Mofification lourde avec des changements dans l'habitacle, structure modifiée];NC;NC
ENCAP Choc Latéral AE-MDB 1300kg 50km/h;Choc Latéral Grande Vitesse;MG2 CAE;Synthèse;X;Europe;Sécurité Passive;Structure;Toutes catégories;Numérique;30%%;NC;Développement;NC;;;Non;Vue latérale (Side view);Niveau 3 : Niveau 2 + Garnissages (Portes, Pieds,...)+Pdb + Console [Mofification lourde avec des changements dans l'habitacle, structure modifiée];NC;NC
ENCAP Choc Latéral Poteau Rigide D254 32km/h;Choc Latéral Grande Vitesse;MG2 CAE;Synthèse;X;Europe;Sécurité Passive;Structure;Toutes catégories;Numérique;70%;NC;Développement;NC;;;Non;Vue latérale (Side view);Niveau 3 : Niveau 2 + Garnissages (Portes, Pieds,...)+Pdb + Console [Mofification lourde avec des changements dans l'habitacle, structure modifiée];NC;NC
ENCAP Choc Latéral AE-MDB 1400kg 60km/h;Choc Latéral Grande Vitesse;MG2 CAE;Synthèse;X;Europe;Sécurité Passive;Structure;Toutes catégories;Numérique;70%;NC;Développement;NC;;;Non;Vue latérale (Side view);Niveau 3 : Niveau 2 + Garnissages (Portes, Pieds,...)+Pdb + Console [Mofification lourde avec des changements dans l'habitacle, structure modifiée];NC;NC
FMVSS214 Choc Latéral Barrière Déformable 53km/h;Choc Latéral Grande Vitesse;MG2 CAE;Synthèse;X;US;Sécurité Passive;Structure;Toutes catégories;Numérique;40%;NC;Développement;NC;;;Oui;Vue latérale (Side view);Niveau 3 : Niveau 2 + Garnissages (Portes, Pieds,...)+Pdb + Console [Mofification lourde avec des changements dans l'habitacle, structure modifiée];NC;NC
FMVSS214 Choc Latéral Poteau Rigide D254 32km/h;Choc Latéral Grande Vitesse;MG2 CAE;Synthèse;X;US;Sécurité Passive;Structure;Toutes catégories;Numérique;40%;NC;Développement;NC;;;Oui;Vue latérale (Side view);Niveau 3 : Niveau 2 + Garnissages (Portes, Pieds,...)+Pdb + Console [Mofification lourde avec des changements dans l'habitacle, structure modifiée];NC;NC
IIHS Choc Latéral Barrière Déformable Mobile1500kg 50km/h;Choc Latéral Grande Vitesse;MG2 CAE;Synthèse;X;US;Sécurité Passive;Structure;Toutes catégories;Numérique;40%;NC;Développement;NC;;;Oui;Vue latérale (Side view);Niveau 3 : Niveau 2 + Garnissages (Portes, Pieds,...)+Pdb + Console [Mofification lourde avec des changements dans l'habitacle, structure modifiée];NC;NC
JNCAP Choc Latéral Barrière AE-MDB 1300kg 55km/h;Choc Latéral Grande Vitesse;MG2 CAE;Synthèse;X;Japan;Sécurité Passive;Structure;Toutes catégories;Numérique;20%;NC;Développement;NC;;;Non;Vue latérale (Side view);Niveau 3 : Niveau 2 + Garnissages (Portes, Pieds,...)+Pdb + Console [Mofification lourde avec des changements dans l'habitacle, structure modifiée];NC;NC
KNCAP Choc Latéral BarrièreAE-MDB 1300kg 55km/h;Choc Latéral Grande Vitesse;MG2 CAE;Synthèse;X;Korée;Sécurité Passive;Structure;Toutes catégories;Numérique;10%;NC;Développement;NC;;;Non;Vue latérale (Side view);Niveau 3 : Niveau 2 + Garnissages (Portes, Pieds,...)+Pdb + Console [Mofification lourde avec des changements dans l'habitacle, structure modifiée];NC;NC
KNCAP Choc Latéral Poteau Rigide D254 32km/h;Choc Latéral Grande Vitesse;MG2 CAE;Synthèse;X;Korée;Sécurité Passive;Structure;Toutes catégories;Numérique;10%;NC;Développement;NC;;;Non;Vue latérale (Side view);Niveau 3 : Niveau 2 + Garnissages (Portes, Pieds,...)+Pdb + Console [Mofification lourde avec des changements dans l'habitacle, structure modifiée];NC;NC
RCAR Avant MRB-RCAR 10 km/h 45° DaD/DaG;Choc Réparabilité Avant;MG2 CAE;Synthèse;X;Europe;Réparabilité;Structure;Toutes catégories;Numérique;100%;NC;Développement;NC;;;Oui;Face avant (Front-end);Niveau 1 : Face AV (PC +Optiques) + Face ARR + Capot  [Modification légère, Structure véhicule non modifiée];NC;NC
USNCAP Choc Latéral Barrière MDB 61,9km/h;Choc Latéral Grande Vitesse;MG2 CAE;Synthèse;X;US;Sécurité Passive;Structure;Toutes catégories;Numérique;40%;NC;Développement;NC;;;Non;Vue latérale (Side view);Niveau 3 : Niveau 2 + Garnissages (Portes, Pieds,...)+Pdb + Console [Mofification lourde avec des changements dans l'habitacle, structure modifiée];NC;NC
USNCAP Choc Latéral Poteau Rigide 32,2km/h D254mm;Choc Latéral Grande Vitesse;MG2 CAE;Synthèse;X;US;Sécurité Passive;Structure;Toutes catégories;Numérique;40%;NC;Développement;NC;;;Non;Vue latérale (Side view);Niveau 3 : Niveau 2 + Garnissages (Portes, Pieds,...)+Pdb + Console [Mofification lourde avec des changements dans l'habitacle, structure modifiée];NC;NC
USNCAP Choc Latéral Barrière Déformable MDB_NHTSA 61,9km/h;Choc Latéral Grande Vitesse;MG2 CAE;Synthèse;X;US;Sécurité Passive;Structure;Toutes catégories;Numérique;40%;NC;Développement;NC;;;Non;Vue latérale (Side view);Niveau 3 : Niveau 2 + Garnissages (Portes, Pieds,...)+Pdb + Console [Mofification lourde avec des changements dans l'habitacle, structure modifiée];NC;NC
KNCAP Choc Latéral Barrière Déformable AE-MDB 1400kg 60km/h;Choc Latéral Grande Vitesse;MG2 CAE;Synthèse;X;Korée;Sécurité Passive;Structure;Toutes catégories;Numérique;10%;NC;Développement;NC;;;Non;Vue latérale (Side view);Niveau 3 : Niveau 2 + Garnissages (Portes, Pieds,...)+Pdb + Console [Mofification lourde avec des changements dans l'habitacle, structure modifiée];NC;NC
CIASI Choc Frontal SMO 64,4km/h 25%;Choc Frontal Grande Vitesse;MG2 CAE;Synthèse;X;Chine;Sécurité Passive;Structure;Toutes catégories;Numérique;25%;NC;Développement;NC;;;Oui;Face avant (Front-end);Niveau 2 : Niveau 1 + Sacs AV/ARR + Jantes Roues [Modification Moyenne, Structure véhicule faiblement modifiée];NC;NC
CIASI Choc Latéral Barrière MDB_IIHS 1500kg 50km/h;Choc Latéral Grande Vitesse;MG2 CAE;Synthèse;X;Chine;Sécurité Passive;Structure;Toutes catégories;Numérique;25%;NC;Développement;NC;;;Oui;Face latérale & Face avant;Niveau 3 : Niveau 2 + Garnissages (Portes, Pieds,...)+Pdb + Console [Mofification lourde avec des changements dans l'habitacle, structure modifiée];NC;NC
CNCAP Choc Frontal Barrière MPDB 1400kg 50km/h 50%;Choc Latéral Grande Vitesse;MG2 CAE;Synthèse;X;Chine;Sécurité Passive;Structure;Toutes catégories;Numérique;10%;NC;Développement;NC;;;Non;Face avant (Front-end);Niveau 3 : Niveau 2 + Garnissages (Portes, Pieds,...)+Pdb + Console [Mofification lourde avec des changements dans l'habitacle, structure modifiée];NC;NC
KNCAP Choc Frontal Barrière MPDB 1400kg 50km/h 50%;Choc Latéral Grande Vitesse;MG2 CAE;Synthèse;X;Korée;Sécurité Passive;Structure;Toutes catégories;Numérique;10%;NC;Développement;NC;;;Non;Face avant (Front-end);Niveau 2 : Niveau 1 + Sacs AV/ARR + Jantes Roues [Modification Moyenne, Structure véhicule faiblement modifiée];NC;NC
JNCAP Choc Frontal Barrière MPDB 1200kg 50km/h 50%;Choc Latéral Grande Vitesse;MG2 CAE;Synthèse;X;Japan;Sécurité Passive;Structure;Toutes catégories;Numérique;10%;NC;Développement;NC;;;Non;Face avant (Front-end);Niveau 2 : Niveau 1 + Sacs AV/ARR + Jantes Roues [Modification Moyenne, Structure véhicule faiblement modifiée];NC;NC
ECER21 Choc Frontal Pulse 50km/h;Choc Frontal Pulse;MG2 CAE;Synthèse;X;Europe;Sécurité Passive;Bioméchanique;Toutes catégories;Numérique;100%;NC;Développement;NC;;;Oui;Face avant & Habitacle;Niveau 3 : Niveau 2 + Garnissages (Portes, Pieds,...)+Pdb + Console [Mofification lourde avec des changements dans l'habitacle, structure modifiée];NC;NC
ECER137 Choc Frontal Mur Rigide 50km/h 100%;Choc Frontal Grande Vitesse;MG2 CAE;Synthèse;X;Europe;Sécurité Passive;Structure;Toutes catégories;Numérique;100%;NC;Développement;NC;;;Oui;Face avant (Front-end);Niveau 2 : Niveau 1 + Sacs AV/ARR + Jantes Roues [Modification Moyenne, Structure véhicule faiblement modifiée];NC;NC
ENCAP Choc Frontal Mur Rigide 50km/h 100%;Choc Frontal Grande Vitesse;MG2 CAE;Synthèse;X;Europe;Sécurité Passive;Structure;Toutes catégories;Numérique;75%;NC;Développement;NC;;;Non;Face avant (Front-end);Niveau 2 : Niveau 1 + Sacs AV/ARR + Jantes Roues [Modification Moyenne, Structure véhicule faiblement modifiée];NC;NC
GB11551 Choc Frontal Mur Rigide 50km/h 100%;Choc Frontal Grande Vitesse;MG2 CAE;Synthèse;X;Chine;Sécurité Passive;Structure;Toutes catégories;Numérique;30%;NC;Développement;NC;;;Oui;Face avant (Front-end);Niveau 2 : Niveau 1 + Sacs AV/ARR + Jantes Roues [Modification Moyenne, Structure véhicule faiblement modifiée];NC;NC
KMVSS102 Choc Frontal Mur Rigide 48,3km/h 100%;Choc Frontal Grande Vitesse;MG2 CAE;Synthèse;X;Korée;Sécurité Passive;Structure;Toutes catégories;Numérique;10%;NC;Développement;NC;;;Non;Face avant (Front-end);Niveau 2 : Niveau 1 + Sacs AV/ARR + Jantes Roues [Modification Moyenne, Structure véhicule faiblement modifiée];NC;NC
TRIAS18 Choc Frontal Mur Rigide 50km/h 100%;Choc Frontal Grande Vitesse;MG2 CAE;Synthèse;X;Chine;Sécurité Passive;Structure;Toutes catégories;Numérique;10%;NC;Développement;NC;;;Non;Face avant (Front-end);Niveau 2 : Niveau 1 + Sacs AV/ARR + Jantes Roues [Modification Moyenne, Structure véhicule faiblement modifiée];NC;NC
UNCAP Choc Frontal Mur Rigide 56,3km/h 100%;Choc Frontal Grande Vitesse;MG2 CAE;Synthèse;X;US;Sécurité Passive;Structure;Toutes catégories;Numérique;20%;NC;Développement;NC;;;Non;Face avant (Front-end);Niveau 2 : Niveau 1 + Sacs AV/ARR + Jantes Roues [Modification Moyenne, Structure véhicule faiblement modifiée];NC;NC
ENCAP Choc Frontal BFD 64km/h 40%;Choc Frontal Grande Vitesse;MG2 CAE;Synthèse;X;Europe;Sécurité Passive;Structure;Toutes catégories;Numérique;75%;NC;Développement;NC;;;Non;Face avant (Front-end);Niveau 2 : Niveau 1 + Sacs AV/ARR + Jantes Roues [Modification Moyenne, Structure véhicule faiblement modifiée];NC;NC
ENCAP Choc Frontal MPDB 1400kg 50km/h 50%;Choc Frontal Grande Vitesse;MG2 CAE;Synthèse;X;Europe;Sécurité Passive;Structure;Toutes catégories;Numérique;75%;NC;Développement;NC;;;Non;Face avant (Front-end);Niveau 2 : Niveau 1 + Sacs AV/ARR + Jantes Roues [Modification Moyenne, Structure véhicule faiblement modifiée];NC;NC
ECER14 Résistance des ancrages de ceintures;Choc Frontal Pulse ;MG2 CAE;Sous système;X;Europe;Sécurité Passive;Structure;Toutes catégories;Numérique;50%;NC;Développement;NC;;;Non;Habitacle;Niveau 3 : Niveau 2 + Garnissages (Portes, Pieds,...)+Pdb + Console [Mofification lourde avec des changements dans l'habitacle, structure modifiée];NC;NC
ECER17 Résistance Choc Bagages;Choc Frontal Pulse ;MG2 CAE;Sous système;X;Europe;Sécurité Passive;Structure;Toutes catégories;Numérique;50%;NC;Développement;NC;;;Non;Habitacle;Niveau 3 : Niveau 2 + Garnissages (Portes, Pieds,...)+Pdb + Console [Mofification lourde avec des changements dans l'habitacle, structure modifiée];NC;NC
Calcul Frontal Occupant Safety;Choc Frontal Habitacle;MG2 CAE;Synthèse;X;Europe;Sécurité Passive;Biomécanique;Toutes catégories;Numérique;100%;NC;Développement;NC;;;Oui;Habitacle;Niveau 3 : Niveau 2 + Garnissages (Portes, Pieds,...)+Pdb + Console [Mofification lourde avec des changements dans l'habitacle, structure modifiée];NC;NC
Calcul Latéral Occupant Safety;Choc Latéral Habitacle;MG2 CAE;Synthèse;X;Europe;Sécurité Passive;Biomécanique;Toutes catégories;Numérique;100%;NC;Développement;NC;;;Oui;Habitacle;Niveau 3 : Niveau 2 + Garnissages (Portes, Pieds,...)+Pdb + Console [Mofification lourde avec des changements dans l'habitacle, structure modifiée];NC;NC
Calcul Arrière Occupant Safety;Choc Arrière Habitacle;MG2 CAE;Synthèse;X;Europe;Sécurité Passive;Biomécanique;Toutes catégories;Numérique;100%;NC;Développement;NC;;;Oui;Habitacle;Niveau 3 : Niveau 2 + Garnissages (Portes, Pieds,...)+Pdb + Console [Mofification lourde avec des changements dans l'habitacle, structure modifiée];NC;NC
Calcul KneeMapping;Choc Frontal Pulse ;MG2 CAE;Synthèse;X;Europe;Sécurité Passive;Biomécanique;Toutes catégories;Numérique;50%;NC;Développement;NC;;;Oui;Habitacle;Niveau 3 : Niveau 2 + Garnissages (Portes, Pieds,...)+Pdb + Console [Mofification lourde avec des changements dans l'habitacle, structure modifiée];NC;NC
Air Flow Speed in front of the exchangers;CFD;Capgemini CAE;Synthèse;;Tout;Aerodynamique;Style;Toutes catégories;Numérique;50%;NC;Développement;NC;;;Oui;Habitacle;Niveau 3 : Niveau 2 + Garnissages (Portes, Pieds,...)+Pdb + Console [Mofification lourde avec des changements dans l'habitacle, structure modifiée];NC;NC
Calcul Homologation Europe Piéton (Tete, Flex-Pli, A-Pli, Fémur);Choc Piéton;MG2 CAE;Synthèse;X;Europe;Sécurité Passive;Structure;Toutes catégories;Numérique;100%;NC;Développement;NC;;;Oui;Face avant (Front-end);Niveau 1 : Face AV (PC +Optiques) + Face ARR + Capot  [Modification légère, Structure véhicule non modifiée];NC;NC
Calcul ENCAP Piéton (Tete, Flex-Pli, A-Pli, Fémur);Choc Piéton;MG2 CAE;Synthèse;;Europe;Sécurité Passive;Structure;Toutes catégories;Numérique;75%;NC;Développement;NC;;;Oui;Face avant (Front-end);Niveau 1 : Face AV (PC +Optiques) + Face ARR + Capot  [Modification légère, Structure véhicule non modifiée];NC;NC
Calcul USNCAP Piéton (Tete, Flex-Pli, A-Pli, Fémur);Choc Piéton;MG2 CAE;Synthèse;;US;Sécurité Passive;Structure;Toutes catégories;Numérique;50%;NC;Développement;NC;;;Oui;Face avant (Front-end);Niveau 1 : Face AV (PC +Optiques) + Face ARR + Capot  [Modification légère, Structure véhicule non modifiée];NC;NC
Calcul CNCAP Piéton (Tete, Flex-Pli, A-Pli, Fémur);Choc Piéton;MG2 CAE;Synthèse;;Chine;Sécurité Passive;Structure;Toutes catégories;Numérique;20%;NC;Développement;NC;;;Oui;Face avant (Front-end);Niveau 1 : Face AV (PC +Optiques) + Face ARR + Capot  [Modification légère, Structure véhicule non modifiée];NC;NC
Effort sur Capot (0° 10° passage camion);CFD;Capgemini CAE;Synthèse;;Tout;Aerodynamique;Style;Toutes catégories;Numérique;50%;NC;Développement;NC;;;Oui;Face avant (Front-end);Niveau 1 : Face AV (PC +Optiques) + Face ARR + Capot  [Modification légère, Structure véhicule non modifiée];NC;NC
Echange thermique Sous Capot;CFD;Capgemini CAE;Synthèse;;Tout;Thermique;Moteur;Toutes catégories;Numérique;50%;NC;Développement;NC;;;Oui;Face avant (Front-end);Niveau 1 : Face AV (PC +Optiques) + Face ARR + Capot  [Modification légère, Structure véhicule non modifiée];NC;NC
Echange thermique Sous Structure;CFD;Capgemini CAE;Synthèse;;Tout;Thermique;Face Arrière;Toutes catégories;Numérique;50%;NC;Développement;NC;;;Oui;Face avant & Face arrière;Niveau 3 : Niveau 2 + Garnissages (Portes, Pieds,...)+Pdb + Console [Mofification lourde avec des changements dans l'habitacle, structure modifiée];NC;NC
Aérolique : Defrost;CFD;Capgemini CAE;Synthèse;;Tout;Thermique;HVAC, Cabin;Toutes catégories;Numérique;50%;NC;Développement;NC;;;Oui;Habitacle;Niveau 3 : Niveau 2 + Garnissages (Portes, Pieds,...)+Pdb + Console [Mofification lourde avec des changements dans l'habitacle, structure modifiée];NC;NC
Aérolique : Ventilation;CFD;Capgemini CAE;Synthèse;;Tout;Thermique;HVAC, Cabin;Toutes catégories;Numérique;50%;NC;Développement;NC;;;Oui;Habitacle;Niveau 3 : Niveau 2 + Garnissages (Portes, Pieds,...)+Pdb + Console [Mofification lourde avec des changements dans l'habitacle, structure modifiée];NC;NC
Aérolique : Extraction d'air;CFD;Capgemini CAE;Synthèse;;Tout;Thermique;HVAC, Cabin;Toutes catégories;Numérique;50%;NC;Développement;NC;;;Oui;Habitacle;Niveau 3 : Niveau 2 + Garnissages (Portes, Pieds,...)+Pdb + Console [Mofification lourde avec des changements dans l'habitacle, structure modifiée];NC;NC
Wind Noise;NVH;MG2 CAE;Synthèse;;Tout;Bruit ;Structure;Toutes catégories;Numérique;50%;NC;Développement;NC;;;Oui;Habitacle;Niveau 3 : Niveau 2 + Garnissages (Portes, Pieds,...)+Pdb + Console [Mofification lourde avec des changements dans l'habitacle, structure modifiée];NC;NC
PowerTrain Noise (Booming , roughness);NVH;MG2 CAE;Synthèse;;Tout;Bruit ;Structure;Toutes catégories;Numérique;50%;NC;Développement;NC;;;Non;PWT;Niveau 3 : Niveau 2 + Garnissages (Portes, Pieds,...)+Pdb + Console [Mofification lourde avec des changements dans l'habitacle, structure modifiée];NC;NC
e-PWT Noise : whining;NVH;MG2 CAE;Synthèse;;Tout;Bruit ;PowerTrain;Toutes catégories;Numérique;50%;NC;Développement;NC;;;Non;PWT;Niveau 3 : Niveau 2 + Garnissages (Portes, Pieds,...)+Pdb + Console [Mofification lourde avec des changements dans l'habitacle, structure modifiée];NC;NC
HVAC and Ventilation Noise;NVH;MG2 CAE;Synthèse;;Tout;Bruit ;HVAC, Cabin;Toutes catégories;Numérique;50%;NC;Développement;NC;;;Non;PWT;Niveau 3 : Niveau 2 + Garnissages (Portes, Pieds,...)+Pdb + Console [Mofification lourde avec des changements dans l'habitacle, structure modifiée];NC;NC
Rolling Noise;NVH;MG2 CAE;Synthèse;;Tout;Bruit ;Structure;Toutes catégories;Numérique;50%;NC;Développement;NC;;;Non;PWT;Niveau 3 : Niveau 2 + Garnissages (Portes, Pieds,...)+Pdb + Console [Mofification lourde avec des changements dans l'habitacle, structure modifiée];NC;NC
Road Shake dynamic and static torsion;NVH;MG2 CAE;Synthèse;;Tout;Bruit ;Structure;Toutes catégories;Numérique;50%;NC;Développement;NC;;;Non;Face avant & Face arrière;Niveau 3 : Niveau 2 + Garnissages (Portes, Pieds,...)+Pdb + Console [Mofification lourde avec des changements dans l'habitacle, structure modifiée];NC;NC
Electric System Noise;NVH;MG2 CAE;Synthèse;;Tout;Bruit ;Structure;Toutes catégories;Numérique;50%;NC;Développement;NC;;;Non;PWT;Niveau 3 : Niveau 2 + Garnissages (Portes, Pieds,...)+Pdb + Console [Mofification lourde avec des changements dans l'habitacle, structure modifiée];NC;NC
Horn Noise Pass By Noise;NVH;MG2 CAE;Synthèse;;Tout;Bruit ;Structure;Toutes catégories;Numérique;50%;NC;Développement;NC;;;Non;PWT;Niveau 3 : Niveau 2 + Garnissages (Portes, Pieds,...)+Pdb + Console [Mofification lourde avec des changements dans l'habitacle, structure modifiée];NC;NC
Gravillonnage;Durabilité;MG2 CAE;Synthèse;;Tout;Durabilité;Structure;Toutes catégories;Numérique;50%;NC;Développement;NC;;;Non;Face avant & Face arrière;Niveau 3 : Niveau 2 + Garnissages (Portes, Pieds,...)+Pdb + Console [Mofification lourde avec des changements dans l'habitacle, structure modifiée];NC;NC
Sunload : Extérieur, Intérieur;Durabilité;MG2 CAE;Synthèse;;Tout;Sunning;EQ EX/INT;Toutes catégories;Numérique;100%;NC;Développement;NC;;;Oui;Face avant & Face arrière;Niveau 1 : Face AV (PC +Optiques) + Face ARR + Capot  [Modification légère, Structure véhicule non modifiée];NC;NC
Squeak & Rattle : Porte AV , Porte ARR;Durabilité;MG2 CAE;Synthèse;;Tout;Durabilité;Portes;Toutes catégories;Numérique;50%;NC;Développement;NC;;;Oui;Vue latérale (Side view);Niveau 3 : Niveau 2 + Garnissages (Portes, Pieds,...)+Pdb + Console [Mofification lourde avec des changements dans l'habitacle, structure modifiée];NC;NC
Squeak & Rattle : Tailegate;Durabilité;MG2 CAE;Synthèse;;Tout;Durabilité;Tailegate;Toutes catégories;Numérique;50%;NC;Développement;NC;;;Oui;Face arrière (Rear-end);Niveau 1 : Face AV (PC +Optiques) + Face ARR + Capot  [Modification légère, Structure véhicule non modifiée];NC;NC
Squeak & Rattle : Planche de bord & Consoles;Durabilité;MG2 CAE;Synthèse;;Tout;Durabilité;Planche de Bord;Toutes catégories;Numérique;50%;NC;Développement;NC;;;Oui;Habitacle;Niveau 3 : Niveau 2 + Garnissages (Portes, Pieds,...)+Pdb + Console [Mofification lourde avec des changements dans l'habitacle, structure modifiée];NC;NC
Crash/RCAR : Sensoric and Restraint Systems (Airbags, Seatbelts,..) Calibration;Crash Grande Vitesse et Petite Vitesse;MG2 CAE;Synthèse;;Toutes destinations;Moyens de Retenue et Capteurs;Airbags, Ceintures, radars;Toutes catégories;Numérique;30%%;NC;Développement;NC;;;Non;Habitacle;Niveau 3 : Niveau 2 + Garnissages (Portes, Pieds,...)+Pdb + Console [Mofification lourde avec des changements dans l'habitacle, structure modifiée];NC;NC
Rollover FMVSS301;Choc Ecrasement de Toit;MG2 CAE;Synthèse;;US;Sécurité Passive;Résistance de Toit;Toutes catégories;Numérique;30%;NC;Développement;NC;;;Non;Face avant (Front-end);Niveau 3 : Niveau 2 + Garnissages (Portes, Pieds,...)+Pdb + Console [Mofification lourde avec des changements dans l'habitacle, structure modifiée];NC;NC
Mechanical Strength/Stifness, Endurance Body;Durabilité;MG2 CAE;Synthèse;;Tout;Durabilité;Structure;Toutes catégories;Numérique;75%;NC;Développement;NC;;;Non;Face avant & Face arrière;Niveau 3 : Niveau 2 + Garnissages (Portes, Pieds,...)+Pdb + Console [Mofification lourde avec des changements dans l'habitacle, structure modifiée];NC;NC
Endurance Roulage;Durabilité;MG2 CAE;Synthèse;;Tout;Durabilité;Structure;Toutes catégories;Numérique;25%;NC;Développement;NC;;;Non;Face avant & Face arrière;Niveau 3 : Niveau 2 + Garnissages (Portes, Pieds,...)+Pdb + Console [Mofification lourde avec des changements dans l'habitacle, structure modifiée];NC;NC
Underbody & Battery Rack Sidewalk;Durabilité;MG2 CAE;Synthèse;;Tout;Durabilité;Structure;Toutes catégories;Numérique;30%;NC;Développement;NC;;;Oui;Face avant (Front-end);Niveau 3 : Niveau 2 + Garnissages (Portes, Pieds,...)+Pdb + Console [Mofification lourde avec des changements dans l'habitacle, structure modifiée];NC;NC
Vibration Capot;Durabilité;MG2 CAE;Synthèse;;Tout;Durabilité;Structure;Toutes catégories;Numérique;25%;NC;Développement;NC;;;Oui;Face avant (Front-end);Niveau 1 : Face AV (PC +Optiques) + Face ARR + Capot  [Modification légère, Structure véhicule non modifiée];NC;NC
Durability, Strength and Misuse Body;Durabilité;MG2 CAE;Synthèse;;Tout;Durabilité;Structure;Toutes catégories;Numérique;100%;NC;Développement;NC;;;Non;Face avant & Face arrière;Niveau 3 : Niveau 2 + Garnissages (Portes, Pieds,...)+Pdb + Console [Mofification lourde avec des changements dans l'habitacle, structure modifiée];NC;NC
Durability, Strength and Misuse Openings;Durabilité;MG2 CAE;Synthèse;;Tout;Durabilité;Structure;Toutes catégories;Numérique;100%;NC;Développement;NC;;;Oui;Vue latérale (Side view);Niveau 2 : Niveau 1 + Sacs AV/ARR + Jantes Roues [Modification Moyenne, Structure véhicule faiblement modifiée];NC;NC
Durability, Strength and Misuse Front & Rear Face;Durabilité;MG2 CAE;Synthèse;;Tout;Durabilité;Structure;Toutes catégories;Numérique;100%;NC;Développement;NC;;;Oui;Face avant & Face arrière;Niveau 2 : Niveau 1 + Sacs AV/ARR + Jantes Roues [Modification Moyenne, Structure véhicule faiblement modifiée];NC;NC
Durability, Strength and Misuse Front & Rear Beams;Durabilité;MG2 CAE;Synthèse;;Tout;Durabilité;Structure;Toutes catégories;Numérique;100%;NC;Développement;NC;;;Oui;Face avant & Face arrière;Niveau 3 : Niveau 2 + Garnissages (Portes, Pieds,...)+Pdb + Console [Mofification lourde avec des changements dans l'habitacle, structure modifiée];NC;NC
Essai CEM véhicule d'homologation;RESIST TO ELECTRO-MAGNETIC ENVIRONMENT;MG2 - DMA CAP-P part;Synthèse;X;pays européen;"émissions électromagnétiques (EMI)
immunité électromagnétique (EMS)";CEM;Toutes catégories;Physique ;30%;TBD;Développement;0;UTAC France;;Oui;PWT;Niveau 3 : Niveau 2 + Garnissages (Portes, Pieds,...)+Pdb + Console [Mofification lourde avec des changements dans l'habitacle, structure modifiée];MC - Full test equipment;Dédié 
Emissions _ Moteur thermique _ Pollu/Conso _ WLTP_  23° + double testing NEDC VH/VL (1 configuration de test) + 14 °_homologation;CONTROL VEHICLE EMISSIONS;MG2 - DMA CAP-P part;Synthèse;X;pays européen;Essai émissions WLTP/NEDC;Emissions Gaz;M1,N1 ;Physique ;70%;TBD;Développement;75.0;UTAC France;;Oui;PWT;Niveau 3 : Niveau 2 + Garnissages (Portes, Pieds,...)+Pdb + Console [Mofification lourde avec des changements dans l'habitacle, structure modifiée];MC - Full test equipment;Dédié 
Emissions _ Moteur thermique _ Pollu/Conso _ WLTP _ Real Driving Emissions (RDE)_homologation;CONTROL VEHICLE EMISSIONS;MG2 - DMA CAP-P part;Synthèse;X;pays européen;Essai émissions WLTP/NEDC;Emissions Gaz;M1,N1 ;Physique ;70%;TBD;Développement;45.0;UTAC France;;Oui;PWT;Niveau 3 : Niveau 2 + Garnissages (Portes, Pieds,...)+Pdb + Console [Mofification lourde avec des changements dans l'habitacle, structure modifiée];MC - Full test equipment;Dédié 
Emissions _ Moteur essence _ Pollu/Conso _ WLTP _ Real Driving Emissions (RDE) + -7°_homologation;CONTROL VEHICLE EMISSIONS;MG2 - DMA CAP-P part;Synthèse;X;pays européen;Essai émissions WLTP/NEDC;Emissions Gaz;M1,N1 ;Physique ;70%;TBD;Développement;65.0;UTAC France;;Oui;PWT;Niveau 3 : Niveau 2 + Garnissages (Portes, Pieds,...)+Pdb + Console [Mofification lourde avec des changements dans l'habitacle, structure modifiée];Nous récupérons les données... Veuillez patienter quelques secondes, puis réessayer de couper ou copier.;Dédié 
Emissions _ Moteur essence _ Evaporation _ 48 h avec baking _homologation;CONTROL VEHICLE EMISSIONS;MG2 - DMA CAP-P part;Synthèse;X;pays européen;Essai émissions WLTP/NEDC;Emissions Gaz;M1,N1 ;Physique ;70%;TBD;Développement;0;UTAC France;;Oui;PWT;Niveau 3 : Niveau 2 + Garnissages (Portes, Pieds,...)+Pdb + Console [Mofification lourde avec des changements dans l'habitacle, structure modifiée];MC - Full test equipment;Dédié 
Emissions _ Moteur thermique _ Pollu/Conso _ WLTP_  23° + double testing NEDC VH/VL (1 configuration de test)_homologation;CONTROL VEHICLE EMISSIONS;MG2 - DMA CAP-P part;Synthèse;X;pays européen;Essai émissions WLTP/NEDC;Emissions Gaz;M1,N1 ;Physique ;70%;TBD;Développement;65.0;UTAC France;;Oui;PWT;Niveau 3 : Niveau 2 + Garnissages (Portes, Pieds,...)+Pdb + Console [Mofification lourde avec des changements dans l'habitacle, structure modifiée];MC - Full test equipment;Dédié 
Emissions _ Moteur thermique _ Pollu/Conso _ WLTP_  23° + double testing NEDC VH/VL (2 configurations de test)_homologation;CONTROL VEHICLE EMISSIONS;MG2 - DMA CAP-P part;Synthèse;X;pays européen;Essai émissions WLTP/NEDC;Emissions Gaz;M1,N1 ;Physique ;70%;TBD;Développement;90.0;UTAC France;;Oui;PWT;Niveau 3 : Niveau 2 + Garnissages (Portes, Pieds,...)+Pdb + Console [Mofification lourde avec des changements dans l'habitacle, structure modifiée];MC - Full test equipment;Dédié 
Emissions _ Moteur thermique _ Pollu/Conso _ WLTP_  23° + double testing NEDC VH/VL (1 configuration de test) + Ki_homologation;CONTROL VEHICLE EMISSIONS;MG2 - DMA CAP-P part;Synthèse;X;pays européen;Essai émissions WLTP/NEDC;Emissions Gaz;M1,N1 ;Physique ;70%;TBD;Développement;45.0;UTAC France;;Oui;PWT;Niveau 3 : Niveau 2 + Garnissages (Portes, Pieds,...)+Pdb + Console [Mofification lourde avec des changements dans l'habitacle, structure modifiée];MC - Full test equipment;Dédié 
Emissions _ Moteur thermique _ Pollu/Conso _ WLTP_  23° + double testing NEDC VH/VL (1 configuration de test) + 14 ° + Ki_homologation;CONTROL VEHICLE EMISSIONS;MG2 - DMA CAP-P part;Synthèse;X;pays européen;Essai émissions WLTP/NEDC;Emissions Gaz;M1,N1 ;Physique ;70%;TBD;Développement;90.0;UTAC France;;Oui;PWT;Niveau 3 : Niveau 2 + Garnissages (Portes, Pieds,...)+Pdb + Console [Mofification lourde avec des changements dans l'habitacle, structure modifiée];MC - Full test equipment;Dédié 
Emissions _ PHEV _ Pollu/Conso _ WLTP _ 23° + double testing NEDC VH/VL _ en sustaining, en depleting + autonomie ZEV_homologation;CONTROL VEHICLE EMISSIONS;MG2 - DMA CAP-P part;Synthèse;X;pays européen;Essai émissions WLTP/NEDC;Emissions Gaz;Toutes catégories;Physique ;70%;TBD;Développement;135.0;UTAC France;;Oui;PWT;Niveau 3 : Niveau 2 + Garnissages (Portes, Pieds,...)+Pdb + Console [Mofification lourde avec des changements dans l'habitacle, structure modifiée];MC - Full test equipment;Dédié 
Emissions _ PHEV _ Pollu/Conso _ WLTP _ 23° + double testing NEDC VH/VL _ en sustaining, en depleting + autonomie ZEV + 14° en sustaining_homologation;CONTROL VEHICLE EMISSIONS;MG2 - DMA CAP-P part;Synthèse;X;pays européen;Essai émissions WLTP/NEDC;Emissions Gaz;Toutes catégories;Physique ;70%;TBD;Développement;145.0;UTAC France;;Oui;PWT;Niveau 3 : Niveau 2 + Garnissages (Portes, Pieds,...)+Pdb + Console [Mofification lourde avec des changements dans l'habitacle, structure modifiée];MC - Full test equipment;Dédié 
Emissions _ PHEV _ Pollu/Conso _ WLTP _ 23° + double testing NEDC VH/VL _ en sustaining, en depleting + autonomie ZEV + ki_homologation;CONTROL VEHICLE EMISSIONS;MG2 - DMA CAP-P part;Synthèse;X;pays européen;Essai émissions WLTP/NEDC;Emissions Gaz;Toutes catégories;Physique ;70%;TBD;Développement;150.0;UTAC France;;Oui;PWT;Niveau 3 : Niveau 2 + Garnissages (Portes, Pieds,...)+Pdb + Console [Mofification lourde avec des changements dans l'habitacle, structure modifiée];MC - Full test equipment;Dédié 
Emissions _ PHEV _ Pollu/Conso _ WLTP _ 23° + double testing NEDC VH/VL _ en sustaining, en depleting + autonomie ZEV + 14° en sustaining + Ki_homologation;CONTROL VEHICLE EMISSIONS;MG2 - DMA CAP-P part;Synthèse;X;pays européen;Essai émissions WLTP/NEDC;Emissions Gaz;Toutes catégories;Physique ;70%;TBD;Développement;160.0;UTAC France;;Oui;PWT;Niveau 3 : Niveau 2 + Garnissages (Portes, Pieds,...)+Pdb + Console [Mofification lourde avec des changements dans l'habitacle, structure modifiée];MC - Full test equipment;Dédié 
Emissions _ BEV _ WLTP _ 23° VH/VL _ autonomie mode par  défaut_homologation;CONTROL VEHICLE EMISSIONS;MG2 - DMA CAP-P part;Synthèse;X;pays européen;Essai émissions WLTP/NEDC;Emissions Gaz;M1,N1 ;Physique ;70%;TBD;Développement;65.0;UTAC France;;Non;PWT;Niveau 3 : Niveau 2 + Garnissages (Portes, Pieds,...)+Pdb + Console [Mofification lourde avec des changements dans l'habitacle, structure modifiée];MC - Full test equipment;Dédié 
Emissions _ Moteur thermique _ Pollu/conso _ NEDC_homologation;CONTROL VEHICLE EMISSIONS;MG2 - DMA CAP-P part;Synthèse;X;pays européen;Essai émissions WLTP/NEDC;Emissions Gaz;M1,N1 ;Physique ;70%;TBD;Développement;65.0;UTAC France;;Non;PWT;Niveau 3 : Niveau 2 + Garnissages (Portes, Pieds,...)+Pdb + Console [Mofification lourde avec des changements dans l'habitacle, structure modifiée];MC - Full test equipment;Dédié 
Emissions _ Moteur thermique _ Pollu/Conso _ WLTP_  Ki _homologation;CONTROL VEHICLE EMISSIONS;MG2 - DMA CAP-P part;Synthèse;X;pays européen;Essai émissions WLTP/NEDC;Emissions Gaz;M1,N1 ;Physique ;70%;TBD;Développement;40.0;UTAC France;;Non;PWT;Niveau 3 : Niveau 2 + Garnissages (Portes, Pieds,...)+Pdb + Console [Mofification lourde avec des changements dans l'habitacle, structure modifiée];MC - Full test equipment;Dédié 
Emissions _ PHEV _ Pollu/Conso _ WLTP_  Ki _homologation;CONTROL VEHICLE EMISSIONS;MG2 - DMA CAP-P part;Synthèse;X;pays européen;Essai émissions WLTP/NEDC;Emissions Gaz;M1,N1 ;Physique ;70%;TBD;Développement;40.0;UTAC France;;Non;PWT;Niveau 3 : Niveau 2 + Garnissages (Portes, Pieds,...)+Pdb + Console [Mofification lourde avec des changements dans l'habitacle, structure modifiée];MC - Full test equipment;Dédié 
Emissions _ Moteur essence _ Pollu/Conso _ WLTP _ - 7°_homologation;CONTROL VEHICLE EMISSIONS;MG2 - DMA CAP-P part;Synthèse;X;pays européen;Essai émissions WLTP/NEDC;Emissions Gaz;M1,N1 ;Physique ;70%;TBD;Développement;25.0;UTAC France;;Non;PWT;Niveau 3 : Niveau 2 + Garnissages (Portes, Pieds,...)+Pdb + Console [Mofification lourde avec des changements dans l'habitacle, structure modifiée];MC - Full test equipment;Dédié 
Emissions _ PHEV _ Pollu/Conso _ WLTP _ Real Driving Emissions (RDE)_homologation;CONTROL VEHICLE EMISSIONS;MG2 - DMA CAP-P part;Synthèse;X;pays européen;Essai émissions WLTP/NEDC;Emissions Gaz;M1,N1 ;Physique ;70%;TBD;Développement;45.0;UTAC France;;Non;PWT;Niveau 3 : Niveau 2 + Garnissages (Portes, Pieds,...)+Pdb + Console [Mofification lourde avec des changements dans l'habitacle, structure modifiée];MC - Full test equipment;Dédié 
Emissions _ PHEV _ Pollu/Conso _ WLTP _ Real Driving Emissions (RDE) + - 7°_homologation;CONTROL VEHICLE EMISSIONS;MG2 - DMA CAP-P part;Synthèse;X;pays européen;Essai émissions WLTP/NEDC;Emissions Gaz;M1,N1 ;Physique ;70%;TBD;Développement;65.0;UTAC France;;Non;PWT;Niveau 3 : Niveau 2 + Garnissages (Portes, Pieds,...)+Pdb + Console [Mofification lourde avec des changements dans l'habitacle, structure modifiée];MC - Full test equipment;Dédié 
Emissions _ PHEV _ Pollu/Conso _ WLTP _ - 7°_homologation;CONTROL VEHICLE EMISSIONS;MG2 - DMA CAP-P part;Synthèse;X;pays européen;Essai émissions WLTP/NEDC;Emissions Gaz;M1,N1 ;Physique ;70%;TBD;Développement;25.0;UTAC France;;Non;PWT;Niveau 3 : Niveau 2 + Garnissages (Portes, Pieds,...)+Pdb + Console [Mofification lourde avec des changements dans l'habitacle, structure modifiée];MC - Full test equipment;Dédié 
Emissions _ Moteur thermique_WLTP_Accès aux informations EOBD _ Test perturbateur_homologation;CONTROL VEHICLE EMISSIONS;MG2 - DMA CAP-P part;Synthèse;X;pays européen;Essai émissions WLTP/NEDC;Emissions Gaz;M1,N1 ;Physique ;70%;TBD;Développement;0;UTAC France;;Non;PWT;Niveau 3 : Niveau 2 + Garnissages (Portes, Pieds,...)+Pdb + Console [Mofification lourde avec des changements dans l'habitacle, structure modifiée];MC - Full test equipment;Dédié 
Emissions _ NEDC_Accès aux informations EOBD _ Test perturbateur_homologation;CONTROL VEHICLE EMISSIONS;MG2 - DMA CAP-P part;Synthèse;X;pays européen;Essai émissions WLTP/NEDC;Emissions Gaz;M1,N1 ;Physique ;70%;TBD;Développement;85.0;UTAC France;;Non;PWT;Niveau 3 : Niveau 2 + Garnissages (Portes, Pieds,...)+Pdb + Console [Mofification lourde avec des changements dans l'habitacle, structure modifiée];MC - Full test equipment;Dédié 
Emissions _ PHEV_WLTP_Accès aux informations EOBD _ Test perturbateur_homologation;CONTROL VEHICLE EMISSIONS;MG2 - DMA CAP-P part;Synthèse;X;pays européen;Essai émissions WLTP/NEDC;Emissions Gaz;M1,N1 ;Physique ;70%;TBD;Développement;85.0;UTAC France;;Non;PWT;Niveau 3 : Niveau 2 + Garnissages (Portes, Pieds,...)+Pdb + Console [Mofification lourde avec des changements dans l'habitacle, structure modifiée];MC - Full test equipment;Dédié 
Emissions _ PHEV _ Evaporation _ 48 h avec baking _homologation;CONTROL VEHICLE EMISSIONS;MG2 - DMA CAP-P part;Synthèse;X;pays européen; Essai  Evaporation;Evaporation;M1,N1 ;Physique ;70%;TBD;Développement;140.0;UTAC France;;Non;PWT;Niveau 3 : Niveau 2 + Garnissages (Portes, Pieds,...)+Pdb + Console [Mofification lourde avec des changements dans l'habitacle, structure modifiée];MC - Full test equipment;Dédié 
Emissions _ Moteur essence _ Evaporation _ 48 h sans baking _homologation;CONTROL VEHICLE EMISSIONS;MG2 - DMA CAP-P part;Synthèse;X;pays européen; Essai  Evaporation;Evaporation;M1,N1 ;Physique ;70%;TBD;Développement;50.0;UTAC France;;Non;PWT;Niveau 3 : Niveau 2 + Garnissages (Portes, Pieds,...)+Pdb + Console [Mofification lourde avec des changements dans l'habitacle, structure modifiée];MC - Full test equipment;Dédié 
Emissions _ Moteur essence _ Evaporation _ 24 h _homologation;CONTROL VEHICLE EMISSIONS;MG2 - DMA CAP-P part;Synthèse;X;pays européen; Essai  Evaporation;Evaporation;M1,N1 ;Physique ;70%;TBD;Développement;30.0;UTAC France;;Non;PWT;Niveau 3 : Niveau 2 + Garnissages (Portes, Pieds,...)+Pdb + Console [Mofification lourde avec des changements dans l'habitacle, structure modifiée];MC - Full test equipment;Dédié 
Emissions _ PHEV _ Evaporation _ 48 h sans baking _homologation;CONTROL VEHICLE EMISSIONS;MG2 - DMA CAP-P part;Synthèse;X;pays européen; Essai  Evaporation;Evaporation;M1,N1 ;Physique ;70%;TBD;Développement;50.0;UTAC France;;Non;PWT;Niveau 3 : Niveau 2 + Garnissages (Portes, Pieds,...)+Pdb + Console [Mofification lourde avec des changements dans l'habitacle, structure modifiée];MC - Full test equipment;Dédié 
Emissions _ Moteur thermique_Coast Down _ NEDC _ Perte de trains_homologation;CONTROL VEHICLE EMISSIONS;MG2 - DMA CAP-P part;Synthèse;X;pays européen;Essai émissions WLTP/NEDC;Emissions Gaz;M1,N1 ;Physique ;70%;TBD;Développement;70.0;UTAC France;;Non;PWT;Niveau 3 : Niveau 2 + Garnissages (Portes, Pieds,...)+Pdb + Console [Mofification lourde avec des changements dans l'habitacle, structure modifiée];MC - Full test equipment;Dédié 
Emissions _ PHEV_Coast Down _ WLTP _ Perte de trains_homologation;CONTROL VEHICLE EMISSIONS;MG2 - DMA CAP-P part;Synthèse;X;pays européen;Essai émissions WLTP/NEDC;Emissions Gaz;M1,N1 ;Physique ;70%;TBD;Développement;70.0;UTAC France;;Non;PWT;Niveau 3 : Niveau 2 + Garnissages (Portes, Pieds,...)+Pdb + Console [Mofification lourde avec des changements dans l'habitacle, structure modifiée];MC - Full test equipment;Dédié 
Emissions _ BEV_Coast Down _ WLTP _ Perte de trains_homologation;CONTROL VEHICLE EMISSIONS;MG2 - DMA CAP-P part;Synthèse;X;pays européen;Essai émissions WLTP/NEDC;Emissions Gaz;M1,N1 ;Physique ;70%;TBD;Développement;70.0;UTAC France;;Non;PWT;Niveau 3 : Niveau 2 + Garnissages (Portes, Pieds,...)+Pdb + Console [Mofification lourde avec des changements dans l'habitacle, structure modifiée];MC - Full test equipment;Dédié 
FMVSS 302 inflammabilité  : homologation;BODY INTERIOR EQUIPMENT;MG2 - DMA CAP-P part;Synthèse;X;pays européen;Inflammabilité;Essai inflammabilité FMVSS 302;M1,N1 ;Physique ;70%;TBD;Développement;20.0;UTAC France;;Oui;PWT;Niveau 3 : Niveau 2 + Garnissages (Portes, Pieds,...)+Pdb + Console [Mofification lourde avec des changements dans l'habitacle, structure modifiée];MC - Full test equipment;Dédié 
Bruits de condamnation/décondamnation des ouvrants;SAFE OPENING AND CLOSING OF THE VEHICLE;CAP-P part;Synthèse;NA ;Europe ;Test de Sécurité Foctionnelle et Disfonctionnelle;ADAS;Toutes catégories;Test physique;100%;TBD;Essais toutes phases ;0.5;Cetiev / ITLINK /AVL ;;OUI;Habitacle;Niveau 1 : Face AV (PC +Optiques) + Face ARR + Capot  [Modification légère, Structure véhicule non modifiée];MC - Full test equipment;Partagé
Détection d'obstacle/Anti pincement volet motorisé (DS-ER4);SAFE OPENING AND CLOSING OF THE VEHICLE;CAP-P part;Synthèse;NA ;Europe ;Test de Sécurité Foctionnelle et Disfonctionnelle;ADAS;Toutes catégories;Test physique;100%;TBD;Essais toutes phases ;10.0;Cetiev / ITLINK /AVL ;;OUI;Habitacle;Niveau 1 : Face AV (PC +Optiques) + Face ARR + Capot  [Modification légère, Structure véhicule non modifiée];MC - Full test equipment;Partagé
Manœuvre de vitre AV;SAFE OPENING AND CLOSING OF THE VEHICLE;CAP-P part;Synthèse;NA ;Europe ;Test de Sécurité Foctionnelle et Disfonctionnelle;ADAS;Toutes catégories;Test physique;100%;TBD;Essais toutes phases ;4.0;Cetiev / ITLINK /AVL ;;OUI;Habitacle;Niveau 1 : Face AV (PC +Optiques) + Face ARR + Capot  [Modification légère, Structure véhicule non modifiée];MC - Full test equipment;Partagé
Développement calibration DSGi;VEHICLE DYNAMICS;CAP-P part;Synthèse;NA ;Europe ;Test de Sécurité Foctionnelle et Disfonctionnelle;ADAS;Toutes catégories;Test physique;100%;TBD;Essais toutes phases ;30.0;Cetiev / ITLINK /AVL ;;OUI;Face avant & Face arrière;Niveau 2 : Niveau 1 + Sacs AV/ARR + Jantes Roues [Modification Moyenne, Structure véhicule faiblement modifiée];MC - Full test equipment;Partagé
Validation DSGI;VEHICLE DYNAMICS;CAP-P part;Synthèse;NA ;Europe ;Test de Sécurité Foctionnelle et Disfonctionnelle;ADAS;Toutes catégories;Test physique;100%;TBD;Essais toutes phases ;10.0;Cetiev / ITLINK /AVL ;;OUI;Face avant & Face arrière;Niveau 2 : Niveau 1 + Sacs AV/ARR + Jantes Roues [Modification Moyenne, Structure véhicule faiblement modifiée];MC - Full test equipment;Partagé
Gestion d'énergie STT / Volt Control;VEHICLE DYNAMICS;CAP-P part;Synthèse;NA ;Europe ;Test de Sécurité Foctionnelle et Disfonctionnelle;ADAS;Toutes catégories;Test physique;100%;TBD;Essais toutes phases ;20.0;Cetiev / ITLINK /AVL ;;OUI;PWT;Niveau 3 : Niveau 2 + Garnissages (Portes, Pieds,...)+Pdb + Console [Mofification lourde avec des changements dans l'habitacle, structure modifiée];MC - Full test equipment;Partagé
Validation calibration DAE - Autorisation de roulage;VEHICLE DYNAMICS;CAP-P part;Synthèse;NA ;Europe ;Test de Sécurité Foctionnelle et Disfonctionnelle;ADAS;Toutes catégories;Test physique;100%;TBD;Essais toutes phases ;1.0;Cetiev / ITLINK /AVL ;;OUI;Direction assistée;Niveau 3 : Niveau 2 + Garnissages (Portes, Pieds,...)+Pdb + Console [Mofification lourde avec des changements dans l'habitacle, structure modifiée];MC - Full test equipment;Partagé
DAA_PROC_Physique;ADVANCED DRIVER ASSISTANCE;CAP-P part;Synthèse;NA ;Europe ;Test de Sécurité Foctionnelle et Disfonctionnelle;ADAS;Toutes catégories;Test physique;100%;TBD;Essais toutes phases ;40.0;Cetiev / ITLINK /AVL ;;OUI;Face avant (Front-end);Niveau 3 : Niveau 2 + Garnissages (Portes, Pieds,...)+Pdb + Console [Mofification lourde avec des changements dans l'habitacle, structure modifiée];MC - Full test equipment;Partagé
DAA_PROVe_Physique;ADVANCED DRIVER ASSISTANCE;CAP-P part;Synthèse;NA ;Europe ;Test de Sécurité Foctionnelle et Disfonctionnelle;ADAS;Toutes catégories;Test physique;100%;TBD;Essais toutes phases ;0.0;Cetiev / ITLINK /AVL ;;OUI;Face avant (Front-end);Niveau 3 : Niveau 2 + Garnissages (Portes, Pieds,...)+Pdb + Console [Mofification lourde avec des changements dans l'habitacle, structure modifiée];MC - Full test equipment;Partagé
LKA_PROH_Physique;ADVANCED DRIVER ASSISTANCE;CAP-P part;Synthèse;NA ;Europe ;Test de Sécurité Foctionnelle et Disfonctionnelle;ADAS;Toutes catégories;Test physique;100%;TBD;Essais toutes phases ;0;Cetiev / ITLINK /AVL ;;OUI;Face avant (Front-end);Niveau 3 : Niveau 2 + Garnissages (Portes, Pieds,...)+Pdb + Console [Mofification lourde avec des changements dans l'habitacle, structure modifiée];MC - Full test equipment;Partagé
LKA_PROH_PHYSIC;ADVANCED DRIVER ASSISTANCE;CAP-P part;Synthèse;NA ;Europe ;Test de Sécurité Foctionnelle et Disfonctionnelle;ADAS;Toutes catégories;Test physique;100%;TBD;Essais toutes phases ;0;Cetiev / ITLINK /AVL ;;OUI;Face avant (Front-end);Niveau 3 : Niveau 2 + Garnissages (Portes, Pieds,...)+Pdb + Console [Mofification lourde avec des changements dans l'habitacle, structure modifiée];MC - Full test equipment;Partagé
FARC_PROC_Physique;ADVANCED DRIVER ASSISTANCE;CAP-P part;Synthèse;NA ;Europe ;Test de Sécurité Foctionnelle et Disfonctionnelle;ADAS;Toutes catégories;Test physique;100%;TBD;Essais toutes phases ;10.0;Cetiev / ITLINK /AVL ;;OUI;Face avant (Front-end);Niveau 3 : Niveau 2 + Garnissages (Portes, Pieds,...)+Pdb + Console [Mofification lourde avec des changements dans l'habitacle, structure modifiée];MC - Full test equipment;Partagé
ACC_PROVe_Physique;ADVANCED DRIVER ASSISTANCE;CAP-P part;Synthèse;NA ;Europe ;Test de Sécurité Foctionnelle et Disfonctionnelle;ADAS;Toutes catégories;Test physique;100%;TBD;Essais toutes phases ;0.0;Cetiev / ITLINK /AVL ;;OUI;Face avant (Front-end);Niveau 3 : Niveau 2 + Garnissages (Portes, Pieds,...)+Pdb + Console [Mofification lourde avec des changements dans l'habitacle, structure modifiée];MC - Full test equipment;Partagé
LKA_MAINSTREAM_PROH_Physique;ADVANCED DRIVER ASSISTANCE;CAP-P part;Synthèse;NA ;Europe ;Test de Sécurité Foctionnelle et Disfonctionnelle;ADAS;Toutes catégories;Test physique;100%;TBD;Essais toutes phases ;2.0;Cetiev / ITLINK /AVL ;;OUI;Face avant (Front-end);Niveau 3 : Niveau 2 + Garnissages (Portes, Pieds,...)+Pdb + Console [Mofification lourde avec des changements dans l'habitacle, structure modifiée];MC - Full test equipment;Partagé
ACC_PROC_Physique;ADVANCED DRIVER ASSISTANCE;CAP-P part;Synthèse;NA ;Europe ;Test de Sécurité Foctionnelle et Disfonctionnelle;ADAS;Toutes catégories;Test physique;100%;TBD;Essais toutes phases ;0.0;Cetiev / ITLINK /AVL ;;OUI;Face avant (Front-end);Niveau 3 : Niveau 2 + Garnissages (Portes, Pieds,...)+Pdb + Console [Mofification lourde avec des changements dans l'habitacle, structure modifiée];MC - Full test equipment;Partagé
ACC_PROVfsc_Physique;TECHNICAL FUNCTIONAL ARCHITECTURE;CAP-P part;Synthèse;NA ;Europe ;Test de Sécurité Foctionnelle et Disfonctionnelle;ADAS;Toutes catégories;Test physique;100%;TBD;Essais toutes phases ;0.0;Cetiev / ITLINK /AVL ;;OUI;Face avant (Front-end);Niveau 3 : Niveau 2 + Garnissages (Portes, Pieds,...)+Pdb + Console [Mofification lourde avec des changements dans l'habitacle, structure modifiée];MC - Full test equipment;Partagé
LKA_ENTRY_PROM_Physique;VEHICLE SYSTEM ARCHITECTURE;CAP-P part;Synthèse;NA ;Europe ;Test de Sécurité Foctionnelle et Disfonctionnelle;ADAS;Toutes catégories;Test physique;100%;TBD;Essais toutes phases ;10.0;Cetiev / ITLINK /AVL ;;OUI;Face avant (Front-end);Niveau 3 : Niveau 2 + Garnissages (Portes, Pieds,...)+Pdb + Console [Mofification lourde avec des changements dans l'habitacle, structure modifiée];MC - Full test equipment;Partagé
LKA_MAINSTREAM_PROM_Physique;VEHICLE SYSTEM ARCHITECTURE;CAP-P part;Synthèse;NA ;Europe ;Test de Sécurité Foctionnelle et Disfonctionnelle;ADAS;Toutes catégories;Test physique;100%;TBD;Essais toutes phases ;10.0;Cetiev / ITLINK /AVL ;;OUI;Face avant (Front-end);Niveau 3 : Niveau 2 + Garnissages (Portes, Pieds,...)+Pdb + Console [Mofification lourde avec des changements dans l'habitacle, structure modifiée];MC - Full test equipment;Partagé
LKA_MAINSTREAM_PROC_Physique;ADVANCED DRIVER ASSISTANCE;CAP-P part;Synthèse;NA ;Europe ;Test de Sécurité Foctionnelle et Disfonctionnelle;ADAS;Toutes catégories;Test physique;100%;TBD;Essais toutes phases ;6.0;Cetiev / ITLINK /AVL ;;OUI;Face avant (Front-end);Niveau 3 : Niveau 2 + Garnissages (Portes, Pieds,...)+Pdb + Console [Mofification lourde avec des changements dans l'habitacle, structure modifiée];MC - Full test equipment;Partagé
RVV_PROC_Physique;ADVANCED DRIVER ASSISTANCE;CAP-P part;Synthèse;NA ;Europe ;Test de Sécurité Foctionnelle et Disfonctionnelle;ADAS;Toutes catégories;Test physique;100%;TBD;Essais toutes phases ;3.0;Cetiev / ITLINK /AVL ;;OUI;Face avant (Front-end);Niveau 3 : Niveau 2 + Garnissages (Portes, Pieds,...)+Pdb + Console [Mofification lourde avec des changements dans l'habitacle, structure modifiée];MC - Full test equipment;Partagé
ACC3_PROVFSC_Physique;VEHICLE SYSTEM ARCHITECTURE;CAP-P part;Synthèse;NA ;Europe ;Test de Sécurité Foctionnelle et Disfonctionnelle;ADAS;Toutes catégories;Test physique;100%;TBD;Essais toutes phases ;10.0;Cetiev / ITLINK /AVL ;;OUI;Face avant (Front-end);Niveau 3 : Niveau 2 + Garnissages (Portes, Pieds,...)+Pdb + Console [Mofification lourde avec des changements dans l'habitacle, structure modifiée];MC - Full test equipment;Partagé
RVV_PROVe_Physique;ADVANCED DRIVER ASSISTANCE;CAP-P part;Synthèse;NA ;Europe ;Test de Sécurité Foctionnelle et Disfonctionnelle;ADAS;Toutes catégories;Test physique;100%;TBD;Essais toutes phases ;3.0;Cetiev / ITLINK /AVL ;;OUI;Face avant (Front-end);Niveau 3 : Niveau 2 + Garnissages (Portes, Pieds,...)+Pdb + Console [Mofification lourde avec des changements dans l'habitacle, structure modifiée];MC - Full test equipment;Partagé
LVV_PROVe_Physique;ADVANCED DRIVER ASSISTANCE;CAP-P part;Synthèse;NA ;Europe ;Test de Sécurité Foctionnelle et Disfonctionnelle;ADAS;Toutes catégories;Test physique;100%;TBD;Essais toutes phases ;0;Cetiev / ITLINK /AVL ;;OUI;Face avant (Front-end);Niveau 3 : Niveau 2 + Garnissages (Portes, Pieds,...)+Pdb + Console [Mofification lourde avec des changements dans l'habitacle, structure modifiée];MC - Full test equipment;Partagé
CPK2_PROC_Physique;ADVANCED DRIVER ASSISTANCE;CAP-P part;Synthèse;NA ;Europe ;Test de Sécurité Foctionnelle et Disfonctionnelle;ADAS;Toutes catégories;Test physique;100%;TBD;Essais toutes phases ;10.0;Cetiev / ITLINK /AVL ;;OUI;Face avant & Face arrière;Niveau 3 : Niveau 2 + Garnissages (Portes, Pieds,...)+Pdb + Console [Mofification lourde avec des changements dans l'habitacle, structure modifiée];MC - Full test equipment;Partagé
CPK_PROVa_Physique;ADVANCED DRIVER ASSISTANCE;CAP-P part;Synthèse;NA ;Europe ;Test de Sécurité Foctionnelle et Disfonctionnelle;ADAS;Toutes catégories;Test physique;100%;TBD;Essais toutes phases ;5.0;Cetiev / ITLINK /AVL ;;OUI;Face avant & Face arrière;Niveau 3 : Niveau 2 + Garnissages (Portes, Pieds,...)+Pdb + Console [Mofification lourde avec des changements dans l'habitacle, structure modifiée];MC - Full test equipment;Partagé
CPK2_PROVE_Physique;ADVANCED DRIVER ASSISTANCE;CAP-P part;Synthèse;NA ;Europe ;Test de Sécurité Foctionnelle et Disfonctionnelle;ADAS;Toutes catégories;Test physique;100%;TBD;Essais toutes phases ;4.0;Cetiev / ITLINK /AVL ;;OUI;Face avant & Face arrière;Niveau 3 : Niveau 2 + Garnissages (Portes, Pieds,...)+Pdb + Console [Mofification lourde avec des changements dans l'habitacle, structure modifiée];MC - Full test equipment;Partagé
ACC3_PROVIF_Physique;VEHICLE SYSTEM ARCHITECTURE;CAP-P part;Synthèse;NA ;Europe ;Test de Sécurité Foctionnelle et Disfonctionnelle;ADAS;Toutes catégories;Test physique;100%;TBD;Essais toutes phases ;5.0;Cetiev / ITLINK /AVL ;;OUI;Face avant (Front-end);Niveau 3 : Niveau 2 + Garnissages (Portes, Pieds,...)+Pdb + Console [Mofification lourde avec des changements dans l'habitacle, structure modifiée];MC - Full test equipment;Partagé
CPKX_PROC_Physique;ADVANCED DRIVER ASSISTANCE;CAP-P part;Synthèse;NA ;Europe ;Test de Sécurité Foctionnelle et Disfonctionnelle;ADAS;Toutes catégories;Test physique;100%;TBD;Essais toutes phases ;10.0;Cetiev / ITLINK /AVL ;;OUI;Face avant & Face arrière;Niveau 3 : Niveau 2 + Garnissages (Portes, Pieds,...)+Pdb + Console [Mofification lourde avec des changements dans l'habitacle, structure modifiée];MC - Full test equipment;Partagé
LKA_ENTRY_PROC_Physique;ADVANCED DRIVER ASSISTANCE;CAP-P part;Synthèse;NA ;Europe ;Test de Sécurité Foctionnelle et Disfonctionnelle;ADAS;Toutes catégories;Test physique;100%;TBD;Essais toutes phases ;0.0;Cetiev / ITLINK /AVL ;;OUI;Face avant (Front-end);Niveau 3 : Niveau 2 + Garnissages (Portes, Pieds,...)+Pdb + Console [Mofification lourde avec des changements dans l'habitacle, structure modifiée];MC - Full test equipment;Partagé
LKA_PROC_PHYSIC;ADVANCED DRIVER ASSISTANCE;CAP-P part;Synthèse;NA ;Europe ;Test de Sécurité Foctionnelle et Disfonctionnelle;ADAS;Toutes catégories;Test physique;100%;TBD;Essais toutes phases ;0.0;Cetiev / ITLINK /AVL ;;OUI;Face avant (Front-end);Niveau 3 : Niveau 2 + Garnissages (Portes, Pieds,...)+Pdb + Console [Mofification lourde avec des changements dans l'habitacle, structure modifiée];MC - Full test equipment;Partagé
LKA_PROVe_Physique;ADVANCED DRIVER ASSISTANCE;CAP-P part;Synthèse;NA ;Europe ;Test de Sécurité Foctionnelle et Disfonctionnelle;ADAS;Toutes catégories;Test physique;100%;TBD;Essais toutes phases ;1.0;Cetiev / ITLINK /AVL ;;OUI;Face avant (Front-end);Niveau 3 : Niveau 2 + Garnissages (Portes, Pieds,...)+Pdb + Console [Mofification lourde avec des changements dans l'habitacle, structure modifiée];MC - Full test equipment;Partagé
LKA_PROVe_PHYSIC;ADVANCED DRIVER ASSISTANCE;CAP-P part;Synthèse;NA ;Europe ;Test de Sécurité Foctionnelle et Disfonctionnelle;ADAS;Toutes catégories;Test physique;100%;TBD;Essais toutes phases ;1.0;Cetiev / ITLINK /AVL ;;OUI;Face avant (Front-end);Niveau 3 : Niveau 2 + Garnissages (Portes, Pieds,...)+Pdb + Console [Mofification lourde avec des changements dans l'habitacle, structure modifiée];MC - Full test equipment;Partagé
LKA_ENTRY_PROVFSC_Physique;VEHICLE SYSTEM ARCHITECTURE;CAP-P part;Synthèse;NA ;Europe ;Test de Sécurité Foctionnelle et Disfonctionnelle;ADAS;Toutes catégories;Test physique;100%;TBD;Essais toutes phases ;4.0;Cetiev / ITLINK /AVL ;;OUI;Face avant (Front-end);Niveau 3 : Niveau 2 + Garnissages (Portes, Pieds,...)+Pdb + Console [Mofification lourde avec des changements dans l'habitacle, structure modifiée];MC - Full test equipment;Partagé
LKA_MAINSTREAM_PROVFSC_Physique;VEHICLE SYSTEM ARCHITECTURE;CAP-P part;Synthèse;NA ;Europe ;Test de Sécurité Foctionnelle et Disfonctionnelle;ADAS;Toutes catégories;Test physique;100%;TBD;Essais toutes phases ;0;Cetiev / ITLINK /AVL ;;OUI;Face avant (Front-end);Niveau 3 : Niveau 2 + Garnissages (Portes, Pieds,...)+Pdb + Console [Mofification lourde avec des changements dans l'habitacle, structure modifiée];MC - Full test equipment;Partagé
AEBS3_PROM_Physique;VEHICLE SYSTEM ARCHITECTURE;CAP-P part;Synthèse;NA ;Europe ;Test de Sécurité Foctionnelle et Disfonctionnelle;ADAS;Toutes catégories;Test physique;100%;TBD;Essais toutes phases ;10.0;Cetiev / ITLINK /AVL ;;OUI;Face avant (Front-end);Niveau 3 : Niveau 2 + Garnissages (Portes, Pieds,...)+Pdb + Console [Mofification lourde avec des changements dans l'habitacle, structure modifiée];MC - Full test equipment;Partagé
ICB_PROVFSC_Physique;TECHNICAL FUNCTIONAL ARCHITECTURE;CAP-P part;Synthèse;NA ;Europe ;Test de Sécurité Foctionnelle et Disfonctionnelle;ADAS;Toutes catégories;Test physique;100%;TBD;Essais toutes phases ;1.0;Cetiev / ITLINK /AVL ;;OUI;Face avant (Front-end);Niveau 3 : Niveau 2 + Garnissages (Portes, Pieds,...)+Pdb + Console [Mofification lourde avec des changements dans l'habitacle, structure modifiée];MC - Full test equipment;Partagé
LKA_MAINSTREAM_PROVE_Physique;ADVANCED DRIVER ASSISTANCE;CAP-P part;Synthèse;NA ;Europe ;Test de Sécurité Foctionnelle et Disfonctionnelle;ADAS;Toutes catégories;Test physique;100%;TBD;Essais toutes phases ;3.0;Cetiev / ITLINK /AVL ;;OUI;Face avant (Front-end);Niveau 3 : Niveau 2 + Garnissages (Portes, Pieds,...)+Pdb + Console [Mofification lourde avec des changements dans l'habitacle, structure modifiée];MC - Full test equipment;Partagé
VP1_PROC_Physique;ADVANCED DRIVER ASSISTANCE;CAP-P part;Synthèse;NA ;Europe ;Test de Sécurité Foctionnelle et Disfonctionnelle;ADAS;Toutes catégories;Test physique;100%;TBD;Essais toutes phases ;4.0;Cetiev / ITLINK /AVL ;;OUI;Face arrière (Rear-end);Niveau 3 : Niveau 2 + Garnissages (Portes, Pieds,...)+Pdb + Console [Mofification lourde avec des changements dans l'habitacle, structure modifiée];MC - Full test equipment;Partagé
AVP_PROVe_Physique;ADVANCED DRIVER ASSISTANCE;CAP-P part;Synthèse;NA ;Europe ;Test de Sécurité Foctionnelle et Disfonctionnelle;ADAS;Toutes catégories;Test physique;100%;TBD;Essais toutes phases ;2.0;Cetiev / ITLINK /AVL ;;OUI;Face arrière (Rear-end);Niveau 3 : Niveau 2 + Garnissages (Portes, Pieds,...)+Pdb + Console [Mofification lourde avec des changements dans l'habitacle, structure modifiée];MC - Full test equipment;Partagé
VP1_PROVE_Physique;ADVANCED DRIVER ASSISTANCE;CAP-P part;Synthèse;NA ;Europe ;Test de Sécurité Foctionnelle et Disfonctionnelle;ADAS;Toutes catégories;Test physique;100%;TBD;Essais toutes phases ;2.0;Cetiev / ITLINK /AVL ;;OUI;Face arrière (Rear-end);Niveau 3 : Niveau 2 + Garnissages (Portes, Pieds,...)+Pdb + Console [Mofification lourde avec des changements dans l'habitacle, structure modifiée];MC - Full test equipment;Partagé
ICB_PROVIF_Physique;TECHNICAL FUNCTIONAL ARCHITECTURE;CAP-P part;Synthèse;NA ;Europe ;Test de Sécurité Foctionnelle et Disfonctionnelle;ADAS;Toutes catégories;Test physique;100%;TBD;Essais toutes phases ;1.0;Cetiev / ITLINK /AVL ;;OUI;Face avant (Front-end);Niveau 3 : Niveau 2 + Garnissages (Portes, Pieds,...)+Pdb + Console [Mofification lourde avec des changements dans l'habitacle, structure modifiée];MC - Full test equipment;Partagé
DOP_PROC_Physique;ADVANCED DRIVER ASSISTANCE;CAP-P part;Synthèse;NA ;Europe ;Test de Sécurité Foctionnelle et Disfonctionnelle;ADAS;Toutes catégories;Test physique;100%;TBD;Essais toutes phases ;2.0;Cetiev / ITLINK /AVL ;;OUI;Face arrière (Rear-end);Niveau 3 : Niveau 2 + Garnissages (Portes, Pieds,...)+Pdb + Console [Mofification lourde avec des changements dans l'habitacle, structure modifiée];MC - Full test equipment;Partagé
DOP_PROVe_Physique;ADVANCED DRIVER ASSISTANCE;CAP-P part;Synthèse;NA ;Europe ;Test de Sécurité Foctionnelle et Disfonctionnelle;ADAS;Toutes catégories;Test physique;100%;TBD;Essais toutes phases ;10.0;Cetiev / ITLINK /AVL ;;OUI;Face arrière (Rear-end);Niveau 3 : Niveau 2 + Garnissages (Portes, Pieds,...)+Pdb + Console [Mofification lourde avec des changements dans l'habitacle, structure modifiée];MC - Full test equipment;Partagé
SLI_PROC_Physique;ADVANCED DRIVER ASSISTANCE;CAP-P part;Synthèse;NA ;Europe ;Test de Sécurité Foctionnelle et Disfonctionnelle;ADAS;Toutes catégories;Test physique;100%;TBD;Essais toutes phases ;2.0;Cetiev / ITLINK /AVL ;;OUI;Face avant (Front-end);Niveau 3 : Niveau 2 + Garnissages (Portes, Pieds,...)+Pdb + Console [Mofification lourde avec des changements dans l'habitacle, structure modifiée];MC - Full test equipment;Partagé
SLI_PROVe_Physique;ADVANCED DRIVER ASSISTANCE;CAP-P part;Synthèse;NA ;Europe ;Test de Sécurité Foctionnelle et Disfonctionnelle;ADAS;Toutes catégories;Test physique;100%;TBD;Essais toutes phases ;0.0;Cetiev / ITLINK /AVL ;;OUI;Face avant (Front-end);Niveau 3 : Niveau 2 + Garnissages (Portes, Pieds,...)+Pdb + Console [Mofification lourde avec des changements dans l'habitacle, structure modifiée];MC - Full test equipment;Partagé
BSD_PROC_Physique;ADVANCED DRIVER ASSISTANCE;CAP-P part;Synthèse;NA ;Europe ;Test de Sécurité Foctionnelle et Disfonctionnelle;ADAS;Toutes catégories;Test physique;100%;TBD;Essais toutes phases ;3.0;Cetiev / ITLINK /AVL ;;OUI;Face arrière (Rear-end);Niveau 3 : Niveau 2 + Garnissages (Portes, Pieds,...)+Pdb + Console [Mofification lourde avec des changements dans l'habitacle, structure modifiée];MC - Full test equipment;Partagé
BSD_PROVe_Physique;ADVANCED DRIVER ASSISTANCE;CAP-P part;Synthèse;NA ;Europe ;Test de Sécurité Foctionnelle et Disfonctionnelle;ADAS;Toutes catégories;Test physique;100%;TBD;Essais toutes phases ;3.0;Cetiev / ITLINK /AVL ;;OUI;Face arrière (Rear-end);Niveau 3 : Niveau 2 + Garnissages (Portes, Pieds,...)+Pdb + Console [Mofification lourde avec des changements dans l'habitacle, structure modifiée];MC - Full test equipment;Partagé
DSV_PROC_Physique;ADVANCED DRIVER ASSISTANCE;CAP-P part;Synthèse;NA ;Europe ;Test de Sécurité Foctionnelle et Disfonctionnelle;ADAS;Toutes catégories;Test physique;100%;TBD;Essais toutes phases ;0.0;Cetiev / ITLINK /AVL ;;OUI;Face arrière (Rear-end);Niveau 3 : Niveau 2 + Garnissages (Portes, Pieds,...)+Pdb + Console [Mofification lourde avec des changements dans l'habitacle, structure modifiée];MC - Full test equipment;Partagé
DSV_PROVe_Physique;ADVANCED DRIVER ASSISTANCE;CAP-P part;Synthèse;NA ;Europe ;Test de Sécurité Foctionnelle et Disfonctionnelle;ADAS;Toutes catégories;Test physique;100%;TBD;Essais toutes phases ;0.0;Cetiev / ITLINK /AVL ;;OUI;Face arrière (Rear-end);Niveau 3 : Niveau 2 + Garnissages (Portes, Pieds,...)+Pdb + Console [Mofification lourde avec des changements dans l'habitacle, structure modifiée];MC - Full test equipment;Partagé
LPA_PROVe_Physique;ADVANCED DRIVER ASSISTANCE;CAP-P part;Synthèse;NA ;Europe ;Test de Sécurité Foctionnelle et Disfonctionnelle;ADAS;Toutes catégories;Test physique;100%;TBD;Essais toutes phases ;4.0;Cetiev / ITLINK /AVL ;;OUI;Face avant (Front-end);Niveau 3 : Niveau 2 + Garnissages (Portes, Pieds,...)+Pdb + Console [Mofification lourde avec des changements dans l'habitacle, structure modifiée];MC - Full test equipment;Partagé
V-AEB_PROM_Physique;VEHICLE SYSTEM ARCHITECTURE;CAP-P part;Synthèse;NA ;Europe ;Test de Sécurité Foctionnelle et Disfonctionnelle;ADAS;Toutes catégories;Test physique;100%;TBD;Essais toutes phases ;10.0;Cetiev / ITLINK /AVL ;;OUI;Face avant (Front-end);Niveau 3 : Niveau 2 + Garnissages (Portes, Pieds,...)+Pdb + Console [Mofification lourde avec des changements dans l'habitacle, structure modifiée];MC - Full test equipment;Partagé
AEBS3_PROVFSC_Physique;VEHICLE SYSTEM ARCHITECTURE;CAP-P part;Synthèse;NA ;Europe ;Test de Sécurité Foctionnelle et Disfonctionnelle;ADAS;Toutes catégories;Test physique;100%;TBD;Essais toutes phases ;2.0;Cetiev / ITLINK /AVL ;;OUI;Face avant (Front-end);Niveau 3 : Niveau 2 + Garnissages (Portes, Pieds,...)+Pdb + Console [Mofification lourde avec des changements dans l'habitacle, structure modifiée];MC - Full test equipment;Partagé
AEBS3_PROVIF_Physique;VEHICLE SYSTEM ARCHITECTURE;CAP-P part;Synthèse;NA ;Europe ;Test de Sécurité Foctionnelle et Disfonctionnelle;ADAS;Toutes catégories;Test physique;100%;TBD;Essais toutes phases ;4.0;Cetiev / ITLINK /AVL ;;OUI;Face avant (Front-end);Niveau 3 : Niveau 2 + Garnissages (Portes, Pieds,...)+Pdb + Console [Mofification lourde avec des changements dans l'habitacle, structure modifiée];MC - Full test equipment;Partagé
ICB_PROVe_Physique;ADVANCED DRIVER ASSISTANCE;CAP-P part;Synthèse;NA ;Europe ;Test de Sécurité Foctionnelle et Disfonctionnelle;ADAS;Toutes catégories;Test physique;100%;TBD;Essais toutes phases ;3.0;Cetiev / ITLINK /AVL ;;OUI;Face avant (Front-end);Niveau 3 : Niveau 2 + Garnissages (Portes, Pieds,...)+Pdb + Console [Mofification lourde avec des changements dans l'habitacle, structure modifiée];MC - Full test equipment;Partagé
ETSR_PROVe_Physique;ADVANCED DRIVER ASSISTANCE;CAP-P part;Synthèse;NA ;Europe ;Test de Sécurité Foctionnelle et Disfonctionnelle;ADAS;Toutes catégories;Test physique;100%;TBD;Essais toutes phases ;5.0;Cetiev / ITLINK /AVL ;;OUI;Face avant (Front-end);Niveau 3 : Niveau 2 + Garnissages (Portes, Pieds,...)+Pdb + Console [Mofification lourde avec des changements dans l'habitacle, structure modifiée];MC - Full test equipment;Partagé
SSSM_PROC_Physique;START AND STOP SELF MOTION;CAP-P part;Synthèse;NA ;Europe ;Test de Sécurité Foctionnelle et Disfonctionnelle;ADAS;Toutes catégories;Test physique;100%;TBD;Essais toutes phases ;3.0;Cetiev / ITLINK /AVL ;;OUI;Face arrière (Rear-end);Niveau 3 : Niveau 2 + Garnissages (Portes, Pieds,...)+Pdb + Console [Mofification lourde avec des changements dans l'habitacle, structure modifiée];MC - Full test equipment;Partagé
ABSD_PROC_Physique;ADVANCED DRIVER ASSISTANCE;CAP-P part;Synthèse;NA ;Europe ;Test de Sécurité Foctionnelle et Disfonctionnelle;ADAS;Toutes catégories;Test physique;100%;TBD;Essais toutes phases ;6.0;Cetiev / ITLINK /AVL ;;OUI;Face arrière (Rear-end);Niveau 3 : Niveau 2 + Garnissages (Portes, Pieds,...)+Pdb + Console [Mofification lourde avec des changements dans l'habitacle, structure modifiée];MC - Full test equipment;Partagé
ETSR_PROC_Physique;ADVANCED DRIVER ASSISTANCE;CAP-P part;Synthèse;NA ;Europe ;Test de Sécurité Foctionnelle et Disfonctionnelle;ADAS;Toutes catégories;Test physique;100%;TBD;Essais toutes phases ;1.0;Cetiev / ITLINK /AVL ;;OUI;Face avant (Front-end);Niveau 3 : Niveau 2 + Garnissages (Portes, Pieds,...)+Pdb + Console [Mofification lourde avec des changements dans l'habitacle, structure modifiée];MC - Full test equipment;Partagé
AVN_PROC_Physique;ADVANCED DRIVER ASSISTANCE;CAP-P part;Synthèse;NA ;Europe ;Test de Sécurité Foctionnelle et Disfonctionnelle;ADAS;Toutes catégories;Test physique;100%;TBD;Essais toutes phases ;2.0;Cetiev / ITLINK /AVL ;;OUI;Face avant (Front-end);Niveau 3 : Niveau 2 + Garnissages (Portes, Pieds,...)+Pdb + Console [Mofification lourde avec des changements dans l'habitacle, structure modifiée];MC - Full test equipment;Partagé
LPA_PROH_Physique;ADVANCED DRIVER ASSISTANCE;CAP-P part;Synthèse;NA ;Europe ;Test de Sécurité Foctionnelle et Disfonctionnelle;ADAS;Toutes catégories;Test physique;100%;TBD;Essais toutes phases ;15.0;Cetiev / ITLINK /AVL ;;OUI;Face avant (Front-end);Niveau 3 : Niveau 2 + Garnissages (Portes, Pieds,...)+Pdb + Console [Mofification lourde avec des changements dans l'habitacle, structure modifiée];MC - Full test equipment;Partagé
Prove Verification de la chaine d'alerte FAP et SCR;CONTROL VEHICLE EMISSIONS;CAP-P part;Synthèse;;pays européen;Essai émissions WLTP/NEDC;Emissions Gaz;Toutes catégories;Physique ;100%;TBD;Développement;10.0;FEV France / Maroc ;;Non;PWT;Niveau 3 : Niveau 2 + Garnissages (Portes, Pieds,...)+Pdb + Console [Mofification lourde avec des changements dans l'habitacle, structure modifiée];MC - Full test equipment;Partagé
Prove Vérification de l'ecoulement SCR;CONTROL VEHICLE EMISSIONS;CAP-P part;Synthèse;;pays européen;Essai émissions WLTP/NEDC;Emissions Gaz;Toutes catégories;Physique ;100%;TBD;Développement;2.0;FEV France / Maroc ;;Non;PWT;Niveau 3 : Niveau 2 + Garnissages (Portes, Pieds,...)+Pdb + Console [Mofification lourde avec des changements dans l'habitacle, structure modifiée];MC - Full test equipment;Partagé
Blow-by freezing  - mandatory rule;ENGINE AND AFTER-TREATMENT;CAP-P part;Synthèse;;pays européen;Essai émissions WLTP/NEDC;Emissions Gaz;Toutes catégories;Physique ;100%;TBD;Développement;0.0;FEV France / Maroc ;;Non;PWT;Niveau 3 : Niveau 2 + Garnissages (Portes, Pieds,...)+Pdb + Console [Mofification lourde avec des changements dans l'habitacle, structure modifiée];MC - Full test equipment;Partagé
Thermomanagement batterie;PROVIDE THERMAL COMFORT;CAP-P part;Synthèse;;pays européen;Thermique;Essai thermo-management BAT;Toutes catégories;Physique ;100%;TBD;Développement;25.0;FEV France / Maroc ;;Non;PWT;Niveau 3 : Niveau 2 + Garnissages (Portes, Pieds,...)+Pdb + Console [Mofification lourde avec des changements dans l'habitacle, structure modifiée];MC - Full test equipment;Partagé
Pollu/conso WLTP - moteur thermique;CONTROL VEHICLE EMISSIONS;CAP-P part;Synthèse;X;pays européen;Essai émissions WLTP/NEDC;Emissions Gaz;Toutes catégories;Physique ;100%;TBD;Développement;65.0;FEV France / Maroc ;;Non;PWT;Niveau 3 : Niveau 2 + Garnissages (Portes, Pieds,...)+Pdb + Console [Mofification lourde avec des changements dans l'habitacle, structure modifiée];MC - Full test equipment;Partagé
Pollu/conso WLTP - PHEV Europe;CONTROL VEHICLE EMISSIONS;CAP-P part;Synthèse;X;pays européen;Essai émissions WLTP/NEDC;Emissions Gaz;Toutes catégories;Physique ;100%;TBD;Développement;130.0;FEV France / Maroc ;;Non;PWT;Niveau 3 : Niveau 2 + Garnissages (Portes, Pieds,...)+Pdb + Console [Mofification lourde avec des changements dans l'habitacle, structure modifiée];MC - Full test equipment;Partagé
Pollu/conso WLTP - Véhicule électrique;CONTROL VEHICLE EMISSIONS;CAP-P part;Synthèse;X;pays européen;Essai émissions WLTP/NEDC;Emissions Gaz;Toutes catégories;Physique ;100%;TBD;Développement;65.0;FEV France / Maroc ;;Non;PWT;Niveau 3 : Niveau 2 + Garnissages (Portes, Pieds,...)+Pdb + Console [Mofification lourde avec des changements dans l'habitacle, structure modifiée];MC - Full test equipment;Partagé
Pollu/conso NEDC - moteur thermique;CONTROL VEHICLE EMISSIONS;CAP-P part;Synthèse;X;pays européen;Essai émissions WLTP/NEDC;Emissions Gaz;Toutes catégories;Physique ;100%;TBD;Développement;65.0;FEV France / Maroc ;;Non;PWT;Niveau 3 : Niveau 2 + Garnissages (Portes, Pieds,...)+Pdb + Console [Mofification lourde avec des changements dans l'habitacle, structure modifiée];MC - Full test equipment;Partagé
Pollu/conso WLTP - moteur thermique - Ki seul;CONTROL VEHICLE EMISSIONS;CAP-P part;Synthèse;X;pays européen;Essai émissions WLTP/NEDC;Emissions Gaz;Toutes catégories;Physique ;100%;TBD;Développement;40.0;FEV France / Maroc ;;Non;PWT;Niveau 3 : Niveau 2 + Garnissages (Portes, Pieds,...)+Pdb + Console [Mofification lourde avec des changements dans l'habitacle, structure modifiée];MC - Full test equipment;Partagé
Pollu/conso WLTP - PHEV Europe - Ki seul;CONTROL VEHICLE EMISSIONS;CAP-P part;Synthèse;X;pays européen;Essai émissions WLTP/NEDC;Emissions Gaz;Toutes catégories;Physique ;100%;TBD;Développement;40.0;FEV France / Maroc ;;Non;PWT;Niveau 3 : Niveau 2 + Garnissages (Portes, Pieds,...)+Pdb + Console [Mofification lourde avec des changements dans l'habitacle, structure modifiée];MC - Full test equipment;Partagé
Pollu/conso WLTP - PHEV Europe - RDE;CONTROL VEHICLE EMISSIONS;CAP-P part;Synthèse;X;pays européen;Essai émissions WLTP/NEDC;Emissions Gaz;Toutes catégories;Physique ;100%;TBD;Développement;45.0;FEV France / Maroc ;;Non;PWT;Niveau 3 : Niveau 2 + Garnissages (Portes, Pieds,...)+Pdb + Console [Mofification lourde avec des changements dans l'habitacle, structure modifiée];MC - Full test equipment;Partagé
Pollu/conso WLTP - moteur thermique - EOBD;CONTROL VEHICLE EMISSIONS;CAP-P part;Synthèse;X;pays européen;Essai émissions WLTP/NEDC;Emissions Gaz;Toutes catégories;Physique ;100%;TBD;Développement;85.0;FEV France / Maroc ;;Non;PWT;Niveau 3 : Niveau 2 + Garnissages (Portes, Pieds,...)+Pdb + Console [Mofification lourde avec des changements dans l'habitacle, structure modifiée];MC - Full test equipment;Partagé
Pollu/conso NEDC - moteur thermique - EOBD;CONTROL VEHICLE EMISSIONS;CAP-P part;Synthèse;X;pays européen;Essai émissions WLTP/NEDC;Emissions Gaz;Toutes catégories;Physique ;100%;TBD;Développement;85.0;FEV France / Maroc ;;Non;PWT;Niveau 3 : Niveau 2 + Garnissages (Portes, Pieds,...)+Pdb + Console [Mofification lourde avec des changements dans l'habitacle, structure modifiée];MC - Full test equipment;Partagé
Pollu/conso WLTP - PHEV Europe - EOBD;CONTROL VEHICLE EMISSIONS;CAP-P part;Synthèse;X;pays européen;Essai émissions WLTP/NEDC;Emissions Gaz;Toutes catégories;Physique ;100%;TBD;Développement;85.0;FEV France / Maroc ;;Non;PWT;Niveau 3 : Niveau 2 + Garnissages (Portes, Pieds,...)+Pdb + Console [Mofification lourde avec des changements dans l'habitacle, structure modifiée];MC - Full test equipment;Partagé
Pollu/conso WLTP - moteur thermique - EVAP avec baking (véhicule à vieillir par métier);CONTROL VEHICLE EMISSIONS;CAP-P part;Synthèse;X;pays européen;Essai émissions WLTP/NEDC;Emissions Gaz;Toutes catégories;Physique ;100%;TBD;Développement;140.0;FEV France / Maroc ;;Non;PWT;Niveau 3 : Niveau 2 + Garnissages (Portes, Pieds,...)+Pdb + Console [Mofification lourde avec des changements dans l'habitacle, structure modifiée];MC - Full test equipment;Partagé
Pollu/conso WLTP - PHEV Europe - EVAP avec baking (véhicle à vieillir par métier);CONTROL VEHICLE EMISSIONS;CAP-P part;Synthèse;X;pays européen;Essai émissions WLTP/NEDC;Emissions Gaz;Toutes catégories;Physique ;100%;TBD;Développement;140.0;FEV France / Maroc ;;Non;PWT;Niveau 3 : Niveau 2 + Garnissages (Portes, Pieds,...)+Pdb + Console [Mofification lourde avec des changements dans l'habitacle, structure modifiée];MC - Full test equipment;Partagé
Pollu/conso WLTP - moteur thermique - EVAP 48h sans baking (vehicule vieilli en RAF) (cas GMP nouveau);CONTROL VEHICLE EMISSIONS;CAP-P part;Synthèse;X;pays européen;Essai émissions WLTP/NEDC;Emissions Gaz;Toutes catégories;Physique ;100%;TBD;Développement;50.0;FEV France / Maroc ;;Non;PWT;Niveau 3 : Niveau 2 + Garnissages (Portes, Pieds,...)+Pdb + Console [Mofification lourde avec des changements dans l'habitacle, structure modifiée];MC - Full test equipment;Partagé
Pollu/conso NEDC - moteur thermique - EVAP 24h;CONTROL VEHICLE EMISSIONS;CAP-P part;Synthèse;X;pays européen;Essai émissions WLTP/NEDC;Emissions Gaz;Toutes catégories;Physique ;100%;TBD;Développement;30.0;FEV France / Maroc ;;Non;PWT;Niveau 3 : Niveau 2 + Garnissages (Portes, Pieds,...)+Pdb + Console [Mofification lourde avec des changements dans l'habitacle, structure modifiée];MC - Full test equipment;Partagé
Pollu/conso WLTP - PHEV Europe - EVAP 48h sans baking (vehicule vieilli en RAF) (cas GMP nouveau);CONTROL VEHICLE EMISSIONS;CAP-P part;Synthèse;X;pays européen;Essai émissions WLTP/NEDC;Emissions Gaz;Toutes catégories;Physique ;100%;TBD;Développement;50.0;FEV France / Maroc ;;Non;PWT;Niveau 3 : Niveau 2 + Garnissages (Portes, Pieds,...)+Pdb + Console [Mofification lourde avec des changements dans l'habitacle, structure modifiée];MC - Full test equipment;Partagé
Pollu/conso WLTP - moteur thermique - Pertes trains;CONTROL VEHICLE EMISSIONS;CAP-P part;Synthèse;X;pays européen;Essai émissions WLTP/NEDC;Emissions Gaz;Toutes catégories;Physique ;100%;TBD;Développement;70.0;FEV France / Maroc ;;Non;PWT;Niveau 3 : Niveau 2 + Garnissages (Portes, Pieds,...)+Pdb + Console [Mofification lourde avec des changements dans l'habitacle, structure modifiée];MC - Full test equipment;Partagé
Pollu/conso NEDC - moteur thermique - Pertes trains ou Coast down piste;CONTROL VEHICLE EMISSIONS;CAP-P part;Synthèse;X;pays européen;Essai émissions WLTP/NEDC;Emissions Gaz;Toutes catégories;Physique ;100%;TBD;Développement;70.0;FEV France / Maroc ;;Non;PWT;Niveau 3 : Niveau 2 + Garnissages (Portes, Pieds,...)+Pdb + Console [Mofification lourde avec des changements dans l'habitacle, structure modifiée];MC - Full test equipment;Partagé
Pollu/conso WLTP - PHEV Europe - Pertes trains;CONTROL VEHICLE EMISSIONS;CAP-P part;Synthèse;X;pays européen;Essai émissions WLTP/NEDC;Emissions Gaz;Toutes catégories;Physique ;100%;TBD;Développement;70.0;FEV France / Maroc ;;Non;PWT;Niveau 3 : Niveau 2 + Garnissages (Portes, Pieds,...)+Pdb + Console [Mofification lourde avec des changements dans l'habitacle, structure modifiée];MC - Full test equipment;Partagé
Pollu/conso WLTP - Véhicule électrique Europe - Pertes trains;CONTROL VEHICLE EMISSIONS;CAP-P part;Synthèse;X;pays européen;Essai émissions WLTP/NEDC;Emissions Gaz;Toutes catégories;Physique ;100%;TBD;Développement;70.0;FEV France / Maroc ;;Non;PWT;Niveau 3 : Niveau 2 + Garnissages (Portes, Pieds,...)+Pdb + Console [Mofification lourde avec des changements dans l'habitacle, structure modifiée];MC - Full test equipment;Partagé
Refroidissement Battery Electrical Vehicle;ENSURE THERMAL PROTECTION;CAP-P part;Synthèse;X;pays européen;Essai émissions WLTP/NEDC;Batterie;Toutes catégories;Physique ;100%;TBD;Développement;25.0;FEV France / Maroc ;;Non;PWT;Niveau 3 : Niveau 2 + Garnissages (Portes, Pieds,...)+Pdb + Console [Mofification lourde avec des changements dans l'habitacle, structure modifiée];MC - Full test equipment;Partagé
Résistance à l'avancement du véhicule_numérique;OPTIMIZE CONSUMPTION AND AUTONOMY;CAP-P part;Synthèse;;pays européen;Essai émissions WLTP/NEDC;Essai Costdown;Toutes catégories;Physique ;100%;TBD;Développement;1.0;FEV France / Maroc ;;Non;PWT;Niveau 3 : Niveau 2 + Garnissages (Portes, Pieds,...)+Pdb + Console [Mofification lourde avec des changements dans l'habitacle, structure modifiée];MC - Full test equipment;Partagé
Consommations véhicule électrique_numérique;OPTIMIZE CONSUMPTION AND AUTONOMY;CAP-P part;Synthèse;;pays européen;Essai émissions WLTP/NEDC;Batterie;Toutes catégories;Physique ;100%;TBD;Développement;1.0;FEV France / Maroc ;;Non;PWT;Niveau 3 : Niveau 2 + Garnissages (Portes, Pieds,...)+Pdb + Console [Mofification lourde avec des changements dans l'habitacle, structure modifiée];MC - Full test equipment;Partagé
Puissance _ véhicules Electriques ECE R85;LONGITUDINAL PERFORMANCE AND DRIVABILITY;CAP-P part;Synthèse;;pays européen;Essai émissions WLTP/NEDC;Batterie;Toutes catégories;Physique ;100%;TBD;Développement;15.0;FEV France / Maroc ;;Non;PWT;Niveau 3 : Niveau 2 + Garnissages (Portes, Pieds,...)+Pdb + Console [Mofification lourde avec des changements dans l'habitacle, structure modifiée];MC - Full test equipment;Partagé
Véhicules électriques et hybrides _ Sécurité Electrique  ECE R100 - essais batterie;VEHICLE EE INFRASTRUCTURE;CAP-P part;Synthèse;;pays européen;Essai émissions WLTP/NEDC;Batterie;Toutes catégories;Physique ;100%;TBD;Développement;1.0;FEV France / Maroc ;;Non;PWT;Niveau 3 : Niveau 2 + Garnissages (Portes, Pieds,...)+Pdb + Console [Mofification lourde avec des changements dans l'habitacle, structure modifiée];MC - Full test equipment;Partagé
Essai ensoleillement intérieur;RESIST TO MECHANICAL ENVIRONMENT;MG2 - DMA;Synthèse;;Toutes destinations;Sunning;Vieillissement après ensoleillement ;Toutes catégories;Numérique & Physique;100%;To be defined;Industrialisation;23.0;IDIADA Espagne;;Oui;Face avant & Face Arrière & Habitacle & Face Lat;Niveau 3 : Niveau 2 + Garnissages (Portes, Pieds,...)+Pdb + Console [Mofification lourde avec des changements dans l'habitacle, structure modifiée];MC - Full test equipment;Partagé
Essai corrosion Accélérée Véhicule;RESIST TO MECHANICAL ENVIRONMENT;MG2 - DMA;Synthèse;;Toutes destinations;Corrosion;Vieillissement après ensoleillement ;Toutes catégories;Physique ;100%;To be defined;Industrialisation;180.0;UTAC Oued Zem;;Oui;Face avant & Face Arrière & Habitacle & Face Lat;Niveau 3 : Niveau 2 + Garnissages (Portes, Pieds,...)+Pdb + Console [Mofification lourde avec des changements dans l'habitacle, structure modifiée];MC - Full test equipment;Partagé
Essai gel;RESIST TO MECHANICAL ENVIRONMENT;MG2 - DMA;Synthèse;;Toutes destinations;Fonctionnement en basse température;Vieillissement après ensoleillement ;Toutes catégories;Physique ;100%;TBD;Industrialisation;5.0;UTAC Oued Zem;;Oui;Face avant & Face Arrière & Habitacle & Face Lat;Niveau 3 : Niveau 2 + Garnissages (Portes, Pieds,...)+Pdb + Console [Mofification lourde avec des changements dans l'habitacle, structure modifiée];MC - Full test equipment;Partagé
Essai gravillonnage courroie accessoire;RESIST TO MECHANICAL ENVIRONMENT;MG2 - DMA;Synthèse;;Toutes destinations;Gravillonnage;Tenue composant sous bassement contre gravillonnage;Toutes catégories;Physique ;100%;6500;Industrialisation;5.0;UTAC Oued Zem;;Oui;Face avant & Face Arrière & Habitacle & Face Lat;Niveau 3 : Niveau 2 + Garnissages (Portes, Pieds,...)+Pdb + Console [Mofification lourde avec des changements dans l'habitacle, structure modifiée];MC - Full test equipment;Partagé
Essai ensoleillement extérieur horizontal;RESIST TO MECHANICAL ENVIRONMENT;MG2 - DMA;Synthèse;;Toutes destinations;Sunning;Vieillissement après ensoleillement ;Toutes catégories;Numérique & Physique;100%;TBD;Industrialisation;14.0;IDIADA Espagne;;Oui;Face avant & Face Arrière & Habitacle & Face Lat;Niveau 3 : Niveau 2 + Garnissages (Portes, Pieds,...)+Pdb + Console [Mofification lourde avec des changements dans l'habitacle, structure modifiée];MC - Full test equipment;Partagé
Essai ensoleillement extérieur vertical;RESIST TO MECHANICAL ENVIRONMENT;MG2 - DMA;Synthèse;;Toutes destinations;Sunning;Vieillissement après ensoleillement ;Toutes catégories;Numérique & Physique;100%;TBD;Industrialisation;14.0;IDIADA Espagne;;Oui;Face avant & Face Arrière & Habitacle & Face Lat;Niveau 3 : Niveau 2 + Garnissages (Portes, Pieds,...)+Pdb + Console [Mofification lourde avec des changements dans l'habitacle, structure modifiée];MC - Full test equipment;Partagé
Essai autogravillonnage 20 km (sévérité des impacts sur les organes de sécurité);RESIST TO MECHANICAL ENVIRONMENT;MG2 - DMA;Synthèse;;Toutes destinations;Gravillonnage;Tenue composant sous bassement contre gravillonnage;Toutes catégories;;;13000;Industrialisation;10.0;UTAC Oued Zem;;Oui;Face avant & Face Arrière & Habitacle & Face Lat;Niveau 3 : Niveau 2 + Garnissages (Portes, Pieds,...)+Pdb + Console [Mofification lourde avec des changements dans l'habitacle, structure modifiée];MC - Full test equipment;Partagé
Calcul écoulement d'eau dans le coffre à l'ouverture des ouvrants;RESIST TO MECHANICAL ENVIRONMENT;MG2 - DMA;Synthèse;;Toutes destinations;Étanchéité;Etanchéité du coffre ;Toutes catégories;;;TBD;Développement;3.0;;;;Face avant & Face Arrière & Habitacle & Face Lat;Niveau 3 : Niveau 2 + Garnissages (Portes, Pieds,...)+Pdb + Console [Mofification lourde avec des changements dans l'habitacle, structure modifiée];MC - Full test equipment;NC
ROULAGE RAF PHEV;RESIST TO MECHANICAL ENVIRONMENT;MG2 - DMA;Synthèse;;Toutes destinations;Durabilité;Fonctionnement général véhicule;Toutes catégories;Physique ;100%;To be defined;Industrialisation;15.0;UTAC Oued Zem;;OUI;Face avant & Face Arrière & Habitacle & Face Lat;Niveau 3 : Niveau 2 + Garnissages (Portes, Pieds,...)+Pdb + Console [Mofification lourde avec des changements dans l'habitacle, structure modifiée];MC - Full test equipment;Partagé
ROULAGE QAU KAIZEN 2ANS PHEV;RESIST TO MECHANICAL ENVIRONMENT;MG2 - DMA;Synthèse;;Toutes destinations;Durabilité;Fonctionnement général véhicule;Toutes catégories;Physique ;100%;To be defined;Industrialisation;100.0;UTAC Oued Zem;;OUI;Face avant & Face Arrière & Habitacle & Face Lat;Niveau 3 : Niveau 2 + Garnissages (Portes, Pieds,...)+Pdb + Console [Mofification lourde avec des changements dans l'habitacle, structure modifiée];MC - Full test equipment;Partagé
ROULAGE QAU KAIZEN 3ANS PHEV;RESIST TO MECHANICAL ENVIRONMENT;MG2 - DMA;Synthèse;;Toutes destinations;Durabilité;Fonctionnement général véhicule;Toutes catégories;Physique ;100%;To be defined;Industrialisation;145.0;UTAC Oued Zem;;OUI;Face avant & Face Arrière & Habitacle & Face Lat;Niveau 3 : Niveau 2 + Garnissages (Portes, Pieds,...)+Pdb + Console [Mofification lourde avec des changements dans l'habitacle, structure modifiée];MC - Full test equipment;Partagé
ROULAGE QAU KAIZEN 1AN BEV;RESIST TO MECHANICAL ENVIRONMENT;MG2 - DMA;Synthèse;;Toutes destinations;Durabilité;Fonctionnement général véhicule;Toutes catégories;Physique ;100%;To be defined;Industrialisation;50.0;UTAC Oued Zem;;OUI;Face avant & Face Arrière & Habitacle & Face Lat;Niveau 3 : Niveau 2 + Garnissages (Portes, Pieds,...)+Pdb + Console [Mofification lourde avec des changements dans l'habitacle, structure modifiée];MC - Full test equipment;Partagé
ROULAGE BRUIT DE FREIN 5000km PHASE 3;RESIST TO MECHANICAL ENVIRONMENT;MG2 - DMA;Synthèse;;Toutes destinations;Durabilité;Fonctionnement général véhicule;Toutes catégories;Physique ;100%;To be defined;Industrialisation;40.0;UTAC Oued Zem;;OUI;Face avant & Face Arrière & Habitacle & Face Lat;Niveau 3 : Niveau 2 + Garnissages (Portes, Pieds,...)+Pdb + Console [Mofification lourde avec des changements dans l'habitacle, structure modifiée];MC - Full test equipment;Partagé
Roulage Validation Bruits de Freins Phase 4;RESIST TO MECHANICAL ENVIRONMENT;MG2 - DMA;Synthèse;;Toutes destinations;Durabilité;Fonctionnement général véhicule;Toutes catégories;Physique ;100%;To be defined;Industrialisation;40.0;UTAC Oued Zem;;OUI;Face avant & Face Arrière & Habitacle & Face Lat;Niveau 3 : Niveau 2 + Garnissages (Portes, Pieds,...)+Pdb + Console [Mofification lourde avec des changements dans l'habitacle, structure modifiée];MC - Full test equipment;Partagé
ROULAGE BRUIT DE FREIN 5000km PHASE 4;RESIST TO MECHANICAL ENVIRONMENT;MG2 - DMA;Synthèse;;Toutes destinations;Durabilité;Fonctionnement général véhicule;Toutes catégories;Physique ;100%;To be defined;Industrialisation;40.0;UTAC Oued Zem;;OUI;Face avant & Face Arrière & Habitacle & Face Lat;Niveau 3 : Niveau 2 + Garnissages (Portes, Pieds,...)+Pdb + Console [Mofification lourde avec des changements dans l'habitacle, structure modifiée];MC - Full test equipment;Partagé
ROULAGE QAU KAIZEN 2ANS BEV;RESIST TO MECHANICAL ENVIRONMENT;MG2 - DMA;Synthèse;;Toutes destinations;Durabilité;Fonctionnement général véhicule;Toutes catégories;Physique ;100%;To be defined;Industrialisation;100.0;UTAC Oued Zem;;OUI;Face avant & Face Arrière & Habitacle & Face Lat;Niveau 3 : Niveau 2 + Garnissages (Portes, Pieds,...)+Pdb + Console [Mofification lourde avec des changements dans l'habitacle, structure modifiée];MC - Full test equipment;Partagé
Coastdown (ISO 17025) — mesure de la traînée aérodynamique;RESIST TO MECHANICAL ENVIRONMENT;MG2 - DMA;Synthèse;;Toutes destinations;Aerodynamique;Fonctionnement général véhicule;Toutes catégories;Physique ;100%;To be defined;Industrialisation;145.0;UTAC Oued Zem;"L’essai coastdown est la méthode normalisée pour mesurer la résistance à l’avancement d’un véhicule, c’est?à?dire :

la traînée aérodynamique (C? × A)
les pertes de roulement
les pertes mécaniques

C’est une procédure indispensable pour :
? homologation,
? calibration des modèles véhicules,
? développements aéro,
? consommation/CO?,
? validation CFD / soufflerie.";OUI;Face avant & Face Arrière & Habitacle & Face Lat;Niveau 3 : Niveau 2 + Garnissages (Portes, Pieds,...)+Pdb + Console [Mofification lourde avec des changements dans l'habitacle, structure modifiée];MC - Full test equipment;Partagé
ROULAGE ESSAIS SPECIAUX;RESIST TO MECHANICAL ENVIRONMENT;MG2 - DMA;Synthèse;;Toutes destinations;Durabilité;Fonctionnement général véhicule;Toutes catégories;Physique ;100%;To be defined;Industrialisation;50.0;UTAC Oued Zem;;OUI;Face avant & Face Arrière & Habitacle & Face Lat;Niveau 3 : Niveau 2 + Garnissages (Portes, Pieds,...)+Pdb + Console [Mofification lourde avec des changements dans l'habitacle, structure modifiée];MC - Full test equipment;Partagé
ROULAGE RAF THERMIQUE;RESIST TO MECHANICAL ENVIRONMENT;MG2 - DMA;Synthèse;;Toutes destinations;Durabilité;Fonctionnement général véhicule;Toutes catégories;Physique ;100%;To be defined;Industrialisation;15.0;UTAC Oued Zem;;OUI;Face avant & Face Arrière & Habitacle & Face Lat;Niveau 3 : Niveau 2 + Garnissages (Portes, Pieds,...)+Pdb + Console [Mofification lourde avec des changements dans l'habitacle, structure modifiée];MC - Full test equipment;Partagé
ROULAGE OBD DERVEMINAGE THERMIQUE;RESIST TO MECHANICAL ENVIRONMENT;MG2 - DMA;Synthèse;;Toutes destinations;Durabilité;Fonctionnement général véhicule;Toutes catégories;Physique ;100%;To be defined;Industrialisation;40.0;UTAC Oued Zem;;OUI;Face avant & Face Arrière & Habitacle & Face Lat;Niveau 3 : Niveau 2 + Garnissages (Portes, Pieds,...)+Pdb + Console [Mofification lourde avec des changements dans l'habitacle, structure modifiée];MC - Full test equipment;Partagé
Constant Speed Test;RESIST TO MECHANICAL ENVIRONMENT;MG2 - DMA;Synthèse;;Toutes destinations;Aerodynamique;comportement à grande vitesse;Toutes catégories;Physique ;100%;To be defined;Industrialisation;15.0;UTAC Oued Zem;"Le véhicule roule à une vitesse stable (ex : 120, 140 ou 160 km/h).
?? Objectif : mesurer précisément

la charge aérodynamique (downforce),
la traînée (drag),
la hauteur de caisse sous un flux d’air réel.

C’est le test le plus courant dans les roulages aero.";OUI;Face avant & Face Arrière & Habitacle & Face Lat;Niveau 3 : Niveau 2 + Garnissages (Portes, Pieds,...)+Pdb + Console [Mofification lourde avec des changements dans l'habitacle, structure modifiée];MC - Full test equipment;Partagé
ROULAGE RAF BEV;RESIST TO MECHANICAL ENVIRONMENT;MG2 - DMA;Synthèse;;Toutes destinations;Durabilité;Fonctionnement général véhicule;Toutes catégories;Physique ;100%;To be defined;Industrialisation;15.0;UTAC Oued Zem;;OUI;Face avant & Face Arrière & Habitacle & Face Lat;Niveau 3 : Niveau 2 + Garnissages (Portes, Pieds,...)+Pdb + Console [Mofification lourde avec des changements dans l'habitacle, structure modifiée];MC - Full test equipment;Partagé
Roulage QAU KAISEN 45K;RESIST TO MECHANICAL ENVIRONMENT;MG2 - DMA;Synthèse;;Toutes destinations;Durabilité;Fonctionnement général véhicule;Toutes catégories;Physique ;100%;To be defined;Industrialisation;120.0;UTAC Oued Zem;;OUI;Face avant & Face Arrière & Habitacle & Face Lat;Niveau 3 : Niveau 2 + Garnissages (Portes, Pieds,...)+Pdb + Console [Mofification lourde avec des changements dans l'habitacle, structure modifiée];MC - Full test equipment;Partagé
ROULAGE QAU KAIZEN 3ANS THERMIQUE;RESIST TO MECHANICAL ENVIRONMENT;MG2 - DMA;Synthèse;;Toutes destinations;Durabilité;Fonctionnement général véhicule;Toutes catégories;Physique ;100%;To be defined;Industrialisation;120.0;UTAC Oued Zem;;OUI;Face avant & Face Arrière & Habitacle & Face Lat;Niveau 3 : Niveau 2 + Garnissages (Portes, Pieds,...)+Pdb + Console [Mofification lourde avec des changements dans l'habitacle, structure modifiée];MC - Full test equipment;Partagé
ROULAGE QAU KAIZEN 2ANS THERMIQUE;RESIST TO MECHANICAL ENVIRONMENT;MG2 - DMA;Synthèse;;Toutes destinations;Durabilité;Fonctionnement général véhicule;Toutes catégories;Physique ;100%;To be defined;Industrialisation;100.0;UTAC Oued Zem;;OUI;Face avant & Face Arrière & Habitacle & Face Lat;Niveau 3 : Niveau 2 + Garnissages (Portes, Pieds,...)+Pdb + Console [Mofification lourde avec des changements dans l'habitacle, structure modifiée];MC - Full test equipment;Partagé
ROULAGE QAU KAIZEN 1AN THERMIQUE;RESIST TO MECHANICAL ENVIRONMENT;MG2 - DMA;Synthèse;;Toutes destinations;Durabilité;Fonctionnement général véhicule;Toutes catégories;Physique ;100%;To be defined;Industrialisation;35.0;UTAC Oued Zem;;OUI;Face avant & Face Arrière & Habitacle & Face Lat;Niveau 3 : Niveau 2 + Garnissages (Portes, Pieds,...)+Pdb + Console [Mofification lourde avec des changements dans l'habitacle, structure modifiée];MC - Full test equipment;Partagé
Roulage QAU RUPTURE 45K;RESIST TO MECHANICAL ENVIRONMENT;MG2 - DMA;Synthèse;;Toutes destinations;Durabilité;Fonctionnement général véhicule;Toutes catégories;Physique ;100%;To be defined;Industrialisation;120.0;UTAC Oued Zem;;OUI;Face avant & Face Arrière & Habitacle & Face Lat;Niveau 3 : Niveau 2 + Garnissages (Portes, Pieds,...)+Pdb + Console [Mofification lourde avec des changements dans l'habitacle, structure modifiée];MC - Full test equipment;Partagé
ROULAGE QAU RUPTURE;RESIST TO MECHANICAL ENVIRONMENT;MG2 - DMA;Synthèse;;Toutes destinations;Durabilité;Fonctionnement général véhicule;Toutes catégories;Physique ;100%;To be defined;Industrialisation;120.0;UTAC Oued Zem;;OUI;Face avant & Face Arrière & Habitacle & Face Lat;Niveau 3 : Niveau 2 + Garnissages (Portes, Pieds,...)+Pdb + Console [Mofification lourde avec des changements dans l'habitacle, structure modifiée];MC - Full test equipment;Partagé
ROULAGE QAU KAIZEN 1AN PHEV;RESIST TO MECHANICAL ENVIRONMENT;MG2 - DMA;Synthèse;;Toutes destinations;Durabilité;Fonctionnement général véhicule;Toutes catégories;Physique ;100%;To be defined;Industrialisation;15.0;UTAC Oued Zem;;OUI;Face avant & Face Arrière & Habitacle & Face Lat;Niveau 3 : Niveau 2 + Garnissages (Portes, Pieds,...)+Pdb + Console [Mofification lourde avec des changements dans l'habitacle, structure modifiée];MC - Full test equipment;Partagé
Prove Désactivation du mode banc à rouleau;RESIST TO MECHANICAL ENVIRONMENT;MG2 - DMA;Synthèse;;Toutes destinations;Durabilité;Endurance véhicule;Toutes catégories;Physique ;100%;To be defined;Industrialisation;5.0;UTAC Oued Zem;;OUI;Face avant & Face Arrière & Habitacle & Face Lat;Niveau 3 : Niveau 2 + Garnissages (Portes, Pieds,...)+Pdb + Console [Mofification lourde avec des changements dans l'habitacle, structure modifiée];MC - Full test equipment;Partagé
Essai de tenue en roulage haute vitesse des composants et accessoires fixés sur caisse;RESIST TO MECHANICAL ENVIRONMENT;MG2 - DMA;Synthèse;;Toutes destinations;Durabilité;Endurance véhicule;Toutes catégories;Physique ;100%;4300;Industrialisation;10.0;UTAC Oued Zem;;OUI;Face avant & Face Arrière & Habitacle & Face Lat;Niveau 3 : Niveau 2 + Garnissages (Portes, Pieds,...)+Pdb + Console [Mofification lourde avec des changements dans l'habitacle, structure modifiée];MC - Full test equipment;Partagé
Essai de tenue en roulage haute vitesse des éléments sous caisse;RESIST TO MECHANICAL ENVIRONMENT;MG2 - DMA;Synthèse;;Toutes destinations;Durabilité;Endurance véhicule;Toutes catégories;Physique ;100%;2150;Industrialisation;5.0;UTAC Oued Zem;;OUI;Face avant & Face Arrière & Habitacle & Face Lat;Niveau 3 : Niveau 2 + Garnissages (Portes, Pieds,...)+Pdb + Console [Mofification lourde avec des changements dans l'habitacle, structure modifiée];MC - Full test equipment;Partagé
Roulage de systèmes complexes;RESIST TO MECHANICAL ENVIRONMENT;MG2 - DMA;Synthèse;;Toutes destinations;Durabilité;Endurance véhicule;Toutes catégories;Physique ;100%;2150;Industrialisation;5.0;UTAC Oued Zem;;OUI;Face avant & Face Arrière & Habitacle & Face Lat;Niveau 3 : Niveau 2 + Garnissages (Portes, Pieds,...)+Pdb + Console [Mofification lourde avec des changements dans l'habitacle, structure modifiée];MC - Full test equipment;Partagé
Essai de dévérouillage capot en roulage à vitesse maxi;RESIST TO MECHANICAL ENVIRONMENT;MG2 - DMA;Synthèse;;Toutes destinations;Durabilité;Endurance véhicule;Toutes catégories;Physique ;100%;2150;Industrialisation;5.0;UTAC Oued Zem;;OUI;Face avant & Face Arrière & Habitacle & Face Lat;Niveau 3 : Niveau 2 + Garnissages (Portes, Pieds,...)+Pdb + Console [Mofification lourde avec des changements dans l'habitacle, structure modifiée];MC - Full test equipment;Partagé
Validation roulage sécuritaire ESC accord GEL soft commercial;RESIST TO MECHANICAL ENVIRONMENT;MG2 - DMA;Synthèse;;Toutes destinations;Durabilité;Endurance véhicule;Toutes catégories;Physique ;100%;12150;Industrialisation;30.0;UTAC Oued Zem;;OUI;Face avant & Face Arrière & Habitacle & Face Lat;Niveau 3 : Niveau 2 + Garnissages (Portes, Pieds,...)+Pdb + Console [Mofification lourde avec des changements dans l'habitacle, structure modifiée];MC - Full test equipment;Partagé
Validation roulage sécuritaire ESC accord GEL soft final;RESIST TO MECHANICAL ENVIRONMENT;MG2 - DMA;Synthèse;;Toutes destinations;Durabilité;Endurance véhicule;Toutes catégories;Physique ;100%;12150;Industrialisation;30.0;UTAC Oued Zem;;OUI;Face avant & Face Arrière & Habitacle & Face Lat;Niveau 3 : Niveau 2 + Garnissages (Portes, Pieds,...)+Pdb + Console [Mofification lourde avec des changements dans l'habitacle, structure modifiée];MC - Full test equipment;Partagé
Confort Vibratoire et Bruit de roulement : MAP;RESIST TO MECHANICAL ENVIRONMENT;MG2 - DMA;Synthèse;;Toutes destinations;Durabilité;Endurance véhicule;Toutes catégories;Physique ;100%;4300;Industrialisation;10.0;UTAC Oued Zem;;OUI;Face avant & Face Arrière & Habitacle & Face Lat;Niveau 3 : Niveau 2 + Garnissages (Portes, Pieds,...)+Pdb + Console [Mofification lourde avec des changements dans l'habitacle, structure modifiée];MC - Full test equipment;Partagé
Confort Acoustique (excitation route ) : Bruit de roulement;RESIST TO MECHANICAL ENVIRONMENT;MG2 - DMA;Synthèse;;Toutes destinations;Durabilité;Endurance véhicule;Toutes catégories;Physique ;100%;4300;Industrialisation;10.0;UTAC Oued Zem;;OUI;Face avant & Face Arrière & Habitacle & Face Lat;Niveau 3 : Niveau 2 + Garnissages (Portes, Pieds,...)+Pdb + Console [Mofification lourde avec des changements dans l'habitacle, structure modifiée];MC - Full test equipment;Partagé
Calculs Confort Vibratoire et Bruit de Roulement;RESIST TO MECHANICAL ENVIRONMENT;MG2 CAE;Synthèse;;Toutes destinations;NVH;Vibroacoustique;Toutes catégories;Physique ;50%;NC;Développement;5.0;UTAC Oued Zem;;OUI;Face avant & Face Arrière & Habitacle & Face Lat;Niveau 3 : Niveau 2 + Garnissages (Portes, Pieds,...)+Pdb + Console [Mofification lourde avec des changements dans l'habitacle, structure modifiée];MC - Full test equipment;Partagé
Roulages synthèse;RESIST TO MECHANICAL ENVIRONMENT;MG2 - DMA;Synthèse;;Toutes destinations;Durabilité;Endurance véhicule;Toutes catégories;Physique ;100%;2150;Industrialisation;5.0;UTAC Oued Zem;;OUI;Face avant & Face Arrière & Habitacle & Face Lat;Niveau 3 : Niveau 2 + Garnissages (Portes, Pieds,...)+Pdb + Console [Mofification lourde avec des changements dans l'habitacle, structure modifiée];MC - Full test equipment;Partagé
Validation roulage sécuritaire ESC accord GEL soft VRS;RESIST TO MECHANICAL ENVIRONMENT;MG2 - DMA;Synthèse;;Toutes destinations;Durabilité;Endurance véhicule;Toutes catégories;Physique ;100%;19500;Industrialisation;50.0;UTAC Oued Zem;;OUI;Face avant & Face Arrière & Habitacle & Face Lat;Niveau 3 : Niveau 2 + Garnissages (Portes, Pieds,...)+Pdb + Console [Mofification lourde avec des changements dans l'habitacle, structure modifiée];MC - Full test equipment;Partagé
ROULAGE VILLE 10 000km;RESIST TO MECHANICAL ENVIRONMENT;MG2 - DMA;Synthèse;;Toutes destinations;Durabilité;Endurance véhicule;Toutes catégories;Physique ;100%;27300;Industrialisation;70.0;UTAC Oued Zem;;OUI;Face avant & Face Arrière & Habitacle & Face Lat;Niveau 3 : Niveau 2 + Garnissages (Portes, Pieds,...)+Pdb + Console [Mofification lourde avec des changements dans l'habitacle, structure modifiée];MC - Full test equipment;Partagé
ROULAGE CTR 30 000km THERMIQUE;RESIST TO MECHANICAL ENVIRONMENT;MG2 - DMA;Synthèse;;Toutes destinations;Durabilité;Endurance véhicule;Toutes catégories;Physique ;100%;39000;Industrialisation;100.0;UTAC Oued Zem;;OUI;Face avant & Face Arrière & Habitacle & Face Lat;Niveau 3 : Niveau 2 + Garnissages (Portes, Pieds,...)+Pdb + Console [Mofification lourde avec des changements dans l'habitacle, structure modifiée];MC - Full test equipment;Partagé
ROULAGE CTR 60 000km THERMIQUE;RESIST TO MECHANICAL ENVIRONMENT;MG2 - DMA;Synthèse;;Toutes destinations;Durabilité;Endurance véhicule;Toutes catégories;Physique ;100%;75000;Industrialisation;200.0;UTAC Oued Zem;;OUI;Face avant & Face Arrière & Habitacle & Face Lat;Niveau 3 : Niveau 2 + Garnissages (Portes, Pieds,...)+Pdb + Console [Mofification lourde avec des changements dans l'habitacle, structure modifiée];MC - Full test equipment;Partagé
ROULAGE CTR 60 000km PHEV;RESIST TO MECHANICAL ENVIRONMENT;MG2 - DMA;Synthèse;;Toutes destinations;Durabilité;Endurance véhicule;Toutes catégories;Physique ;100%;75000;Industrialisation;200.0;UTAC Oued Zem;;OUI;Face avant & Face Arrière & Habitacle & Face Lat;Niveau 3 : Niveau 2 + Garnissages (Portes, Pieds,...)+Pdb + Console [Mofification lourde avec des changements dans l'habitacle, structure modifiée];MC - Full test equipment;Partagé
ROULAGE CTR 30 000km BEV;RESIST TO MECHANICAL ENVIRONMENT;MG2 - DMA;Synthèse;;Toutes destinations;Durabilité;Endurance véhicule;Toutes catégories;Physique ;100%;56250;Industrialisation;150.0;UTAC Oued Zem;;OUI;Face avant & Face Arrière & Habitacle & Face Lat;Niveau 3 : Niveau 2 + Garnissages (Portes, Pieds,...)+Pdb + Console [Mofification lourde avec des changements dans l'habitacle, structure modifiée];MC - Full test equipment;Partagé
ROULAGE PRO SYNTHESE;RESIST TO MECHANICAL ENVIRONMENT;MG2 - DMA;Synthèse;;Toutes destinations;Durabilité;Endurance véhicule;Toutes catégories;Physique ;100%;To be defined;Industrialisation;25.0;UTAC Oued Zem;;OUI;Face avant & Face Arrière & Habitacle & Face Lat;Niveau 3 : Niveau 2 + Garnissages (Portes, Pieds,...)+Pdb + Console [Mofification lourde avec des changements dans l'habitacle, structure modifiée];MC - Full test equipment;Partagé
ROULAGE PRO GMP;RESIST TO MECHANICAL ENVIRONMENT;MG2 - DMA;Synthèse;;Toutes destinations;Durabilité;Endurance véhicule;Toutes catégories;Physique ;100%;To be defined;Industrialisation;25.0;UTAC Oued Zem;;OUI;Face avant & Face Arrière & Habitacle & Face Lat;Niveau 3 : Niveau 2 + Garnissages (Portes, Pieds,...)+Pdb + Console [Mofification lourde avec des changements dans l'habitacle, structure modifiée];MC - Full test equipment;Partagé
ROULAGE OBD DERVEMINAGE PHEV;RESIST TO MECHANICAL ENVIRONMENT;MG2 - DMA;Synthèse;;Toutes destinations;Durabilité;Endurance véhicule;Toutes catégories;Physique ;100%;16200;Industrialisation;40.0;UTAC Oued Zem;;OUI;Face avant & Face Arrière & Habitacle & Face Lat;Niveau 3 : Niveau 2 + Garnissages (Portes, Pieds,...)+Pdb + Console [Mofification lourde avec des changements dans l'habitacle, structure modifiée];MC - Full test equipment;Partagé
ROULAGE OBD DERVEMINAGE BEV;RESIST TO MECHANICAL ENVIRONMENT;MG2 - DMA;Synthèse;;Toutes destinations;Durabilité;Endurance véhicule;Toutes catégories;Physique ;100%;16200;Industrialisation;40.0;UTAC Oued Zem;;OUI;Face avant & Face Arrière & Habitacle & Face Lat;Niveau 3 : Niveau 2 + Garnissages (Portes, Pieds,...)+Pdb + Console [Mofification lourde avec des changements dans l'habitacle, structure modifiée];MC - Full test equipment;Partagé
ROULAGE FORTE CHARGE THERMIQUE/PHEV;RESIST TO MECHANICAL ENVIRONMENT;MG2 - DMA;Synthèse;;Toutes destinations;Durabilité;Endurance véhicule;Toutes catégories;Physique ;100%;31200;Industrialisation;80.0;UTAC Oued Zem;;OUI;Face avant & Face Arrière & Habitacle & Face Lat;Niveau 3 : Niveau 2 + Garnissages (Portes, Pieds,...)+Pdb + Console [Mofification lourde avec des changements dans l'habitacle, structure modifiée];MC - Full test equipment;Partagé
ROULAGE OBD VALIDATION 5000km;RESIST TO MECHANICAL ENVIRONMENT;MG2 - DMA;Synthèse;;Toutes destinations;Durabilité;Endurance véhicule;Toutes catégories;Physique ;100%;32400;Industrialisation;55.0;UTAC Oued Zem;;OUI;Face avant & Face Arrière & Habitacle & Face Lat;Niveau 3 : Niveau 2 + Garnissages (Portes, Pieds,...)+Pdb + Console [Mofification lourde avec des changements dans l'habitacle, structure modifiée];MC - Full test equipment;Partagé
ROULAGE OBD VALIDATION 10 000km;RESIST TO MECHANICAL ENVIRONMENT;MG2 - DMA;Synthèse;;Toutes destinations;Durabilité;Endurance véhicule;Toutes catégories;Physique ;100%;23400;Industrialisation;60.0;UTAC Oued Zem;;OUI;Face avant & Face Arrière & Habitacle & Face Lat;Niveau 3 : Niveau 2 + Garnissages (Portes, Pieds,...)+Pdb + Console [Mofification lourde avec des changements dans l'habitacle, structure modifiée];MC - Full test equipment;Partagé
ROULAGE OBD VALIDATION 20 000km;RESIST TO MECHANICAL ENVIRONMENT;MG2 - DMA;Synthèse;;Toutes destinations;Durabilité;Endurance véhicule;Toutes catégories;Physique ;100%;42900;Industrialisation;110.0;UTAC Oued Zem;;OUI;Face avant & Face Arrière & Habitacle & Face Lat;Niveau 3 : Niveau 2 + Garnissages (Portes, Pieds,...)+Pdb + Console [Mofification lourde avec des changements dans l'habitacle, structure modifiée];MC - Full test equipment;Partagé
ROULAGE FORTE CHARGE BEV;RESIST TO MECHANICAL ENVIRONMENT;MG2 - DMA;Synthèse;;Toutes destinations;Durabilité;Endurance véhicule;Toutes catégories;Physique ;100%;23400;Industrialisation;60.0;UTAC Oued Zem;;OUI;Face avant & Face Arrière & Habitacle & Face Lat;Niveau 3 : Niveau 2 + Garnissages (Portes, Pieds,...)+Pdb + Console [Mofification lourde avec des changements dans l'habitacle, structure modifiée];MC - Full test equipment;Partagé
ROULAGE RCE CHAUD BEV;RESIST TO MECHANICAL ENVIRONMENT;MG2 - DMA;Synthèse;;Toutes destinations;Durabilité;Endurance véhicule;Toutes catégories;Physique ;100%;8000;Industrialisation;20.0;UTAC Oued Zem;;OUI;Face avant & Face Arrière & Habitacle & Face Lat;Niveau 3 : Niveau 2 + Garnissages (Portes, Pieds,...)+Pdb + Console [Mofification lourde avec des changements dans l'habitacle, structure modifiée];MC - Full test equipment;Partagé
ROULAGE RCE FROID BEV;RESIST TO MECHANICAL ENVIRONMENT;MG2 - DMA;Synthèse;;Toutes destinations;Durabilité;Endurance véhicule;Toutes catégories;Physique ;100%;8000;Industrialisation;20.0;UTAC Oued Zem;;OUI;Face avant & Face Arrière & Habitacle & Face Lat;Niveau 3 : Niveau 2 + Garnissages (Portes, Pieds,...)+Pdb + Console [Mofification lourde avec des changements dans l'habitacle, structure modifiée];MC - Full test equipment;Partagé
ROULAGE PRO ACCELERE PHEV/THERMIQUE;RESIST TO MECHANICAL ENVIRONMENT;MG2 - DMA;Synthèse;;Toutes destinations;Durabilité;Endurance véhicule;Toutes catégories;Physique ;100%;28000;Industrialisation;70.0;UTAC Oued Zem;;OUI;Face avant & Face Arrière & Habitacle & Face Lat;Niveau 3 : Niveau 2 + Garnissages (Portes, Pieds,...)+Pdb + Console [Mofification lourde avec des changements dans l'habitacle, structure modifiée];MC - Full test equipment;Partagé
ROULAGE PRO ACCELERE BEV;RESIST TO MECHANICAL ENVIRONMENT;MG2 - DMA;Synthèse;;Toutes destinations;Durabilité;Endurance véhicule;Toutes catégories;Physique ;100%;28000;Industrialisation;70.0;UTAC Oued Zem;;OUI;Face avant & Face Arrière & Habitacle & Face Lat;Niveau 3 : Niveau 2 + Garnissages (Portes, Pieds,...)+Pdb + Console [Mofification lourde avec des changements dans l'habitacle, structure modifiée];MC - Full test equipment;Partagé
ROULAGE PRO SYNTHESE LCC;RESIST TO MECHANICAL ENVIRONMENT;MG2 - DMA;Synthèse;;Toutes destinations;Durabilité;Endurance véhicule;Toutes catégories;Physique ;100%;12150;Industrialisation;30.0;UTAC Oued Zem;;OUI;Face avant & Face Arrière & Habitacle & Face Lat;Niveau 3 : Niveau 2 + Garnissages (Portes, Pieds,...)+Pdb + Console [Mofification lourde avec des changements dans l'habitacle, structure modifiée];MC - Full test equipment;Partagé
ROULAGE PRO CHAUD;RESIST TO MECHANICAL ENVIRONMENT;MG2 - DMA;Synthèse;;Toutes destinations;Durabilité;Endurance véhicule;Toutes catégories;Physique ;100%;20250;Industrialisation;50.0;UTAC Oued Zem;;OUI;Face avant & Face Arrière & Habitacle & Face Lat;Niveau 3 : Niveau 2 + Garnissages (Portes, Pieds,...)+Pdb + Console [Mofification lourde avec des changements dans l'habitacle, structure modifiée];MC - Full test equipment;Partagé
ROULAGE PRO FROID;RESIST TO MECHANICAL ENVIRONMENT;MG2 - DMA;Synthèse;;Toutes destinations;Durabilité;Endurance véhicule;Toutes catégories;Physique ;100%;20250;Industrialisation;50.0;UTAC Oued Zem;;OUI;Face avant & Face Arrière & Habitacle & Face Lat;Niveau 3 : Niveau 2 + Garnissages (Portes, Pieds,...)+Pdb + Console [Mofification lourde avec des changements dans l'habitacle, structure modifiée];MC - Full test equipment;Partagé
ROULAGE PRO PROOF OF CONCEPT;RESIST TO MECHANICAL ENVIRONMENT;MG2 - DMA;Synthèse;;Toutes destinations;Durabilité;Endurance véhicule;Toutes catégories;Physique ;100%;27300;Industrialisation;70.0;UTAC France;;OUI;Face avant & Face Arrière & Habitacle & Face Lat;Niveau 3 : Niveau 2 + Garnissages (Portes, Pieds,...)+Pdb + Console [Mofification lourde avec des changements dans l'habitacle, structure modifiée];MC - Full test equipment;Partagé
ROULAGE PRO EUROPE GB;RESIST TO MECHANICAL ENVIRONMENT;MG2 - DMA;Synthèse;;Toutes destinations;Durabilité;Endurance véhicule;Toutes catégories;Physique ;100%;8100;Industrialisation;20.0;UTAC France;;OUI;Face avant & Face Arrière & Habitacle & Face Lat;Niveau 3 : Niveau 2 + Garnissages (Portes, Pieds,...)+Pdb + Console [Mofification lourde avec des changements dans l'habitacle, structure modifiée];MC - Full test equipment;Partagé
ROULAGE PRO EUROPE EST;RESIST TO MECHANICAL ENVIRONMENT;MG2 - DMA;Synthèse;;Toutes destinations;Durabilité;Endurance véhicule;Toutes catégories;Physique ;100%;8100;Industrialisation;20.0;UTAC France;;OUI;Face avant & Face Arrière & Habitacle & Face Lat;Niveau 3 : Niveau 2 + Garnissages (Portes, Pieds,...)+Pdb + Console [Mofification lourde avec des changements dans l'habitacle, structure modifiée];MC - Full test equipment;Partagé
ROULAGE RCE FROID PHEV/THERMIQUE;RESIST TO MECHANICAL ENVIRONMENT;MG2 - DMA;Synthèse;;Toutes destinations;Durabilité;Endurance véhicule;Toutes catégories;Physique ;100%;8100;Industrialisation;20.0;UTAC France;;OUI;Face avant & Face Arrière & Habitacle & Face Lat;Niveau 3 : Niveau 2 + Garnissages (Portes, Pieds,...)+Pdb + Console [Mofification lourde avec des changements dans l'habitacle, structure modifiée];MC - Full test equipment;Partagé
ROULAGE RCE CHAUD PHEV/THERMIQUE;RESIST TO MECHANICAL ENVIRONMENT;MG2 - DMA;Synthèse;;Toutes destinations;Durabilité;Endurance véhicule;Toutes catégories;Physique ;100%;8100;Industrialisation;20.0;UTAC Oued Zem;;OUI;Face avant & Face Arrière & Habitacle & Face Lat;Niveau 3 : Niveau 2 + Garnissages (Portes, Pieds,...)+Pdb + Console [Mofification lourde avec des changements dans l'habitacle, structure modifiée];MC - Full test equipment;Partagé
ROULAGE PRO EUROPE OUEST;RESIST TO MECHANICAL ENVIRONMENT;MG2 - DMA;Synthèse;;Toutes destinations;Durabilité;Endurance véhicule;Toutes catégories;Physique ;100%;8100;Industrialisation;20.0;UTAC France;;OUI;Face avant & Face Arrière & Habitacle & Face Lat;Niveau 3 : Niveau 2 + Garnissages (Portes, Pieds,...)+Pdb + Console [Mofification lourde avec des changements dans l'habitacle, structure modifiée];MC - Full test equipment;Partagé
ROULAGE CTR 30 000km PHEV;RESIST TO MECHANICAL ENVIRONMENT;MG2 - DMA;Synthèse;;Toutes destinations;Durabilité;Endurance véhicule;Toutes catégories;Physique ;100%;39000;Industrialisation;100.0;UTAC Oued Zem;;OUI;Face avant & Face Arrière & Habitacle & Face Lat;Niveau 3 : Niveau 2 + Garnissages (Portes, Pieds,...)+Pdb + Console [Mofification lourde avec des changements dans l'habitacle, structure modifiée];MC - Full test equipment;Partagé
Roulage QAU véh ELE;RESIST TO MECHANICAL ENVIRONMENT;MG2 - DMA;Synthèse;;Toutes destinations;Durabilité;Endurance véhicule;Toutes catégories;Physique ;100%;54600;Industrialisation;140.0;UTAC Oued Zem;;OUI;Face avant & Face Arrière & Habitacle & Face Lat;Niveau 3 : Niveau 2 + Garnissages (Portes, Pieds,...)+Pdb + Console [Mofification lourde avec des changements dans l'habitacle, structure modifiée];MC - Full test equipment;Partagé
Roulage extérieur ambiante chaude;RESIST TO MECHANICAL ENVIRONMENT;MG2 - DMA;Synthèse;;Toutes destinations;Durabilité;Endurance véhicule;Toutes catégories;Physique ;100%;8100;Industrialisation;20.0;UTAC Oued Zem;;OUI;Face avant & Face Arrière & Habitacle & Face Lat;Niveau 3 : Niveau 2 + Garnissages (Portes, Pieds,...)+Pdb + Console [Mofification lourde avec des changements dans l'habitacle, structure modifiée];MC - Full test equipment;Partagé
Roulage extérieur ambiante tempéré;RESIST TO MECHANICAL ENVIRONMENT;MG2 - DMA;Synthèse;;Toutes destinations;Durabilité;Endurance véhicule;Toutes catégories;Physique ;100%;4300;Industrialisation;10.0;UTAC Oued Zem;;OUI;Face avant & Face Arrière & Habitacle & Face Lat;Niveau 3 : Niveau 2 + Garnissages (Portes, Pieds,...)+Pdb + Console [Mofification lourde avec des changements dans l'habitacle, structure modifiée];MC - Full test equipment;Partagé
Calcul roulage numérique en endurance (RNE);RESIST TO MECHANICAL ENVIRONMENT;MG2 CAE;Synthèse;;Toutes destinations;Durabilité;Endurance véhicule;Toutes catégories;Numérique;50%;NC;Développement;10.0;;;OUI;Face avant & Face Arrière & Habitacle & Face Lat;Niveau 3 : Niveau 2 + Garnissages (Portes, Pieds,...)+Pdb + Console [Mofification lourde avec des changements dans l'habitacle, structure modifiée];;
Calcul roulage numérique en endurance pour la suspension GMP;RESIST TO MECHANICAL ENVIRONMENT;MG2 CAE;Synthèse;;Toutes destinations;Durabilité;Endurance véhicule;Toutes catégories;Numérique;50%;NC;Développement;10.0;;;OUI;Face avant & Face Arrière & Habitacle & Face Lat;Niveau 3 : Niveau 2 + Garnissages (Portes, Pieds,...)+Pdb + Console [Mofification lourde avec des changements dans l'habitacle, structure modifiée];;
Endurance à la manœuvre de porte latérales AV-AR;RESIST TO MECHANICAL ENVIRONMENT;MG2 - DMA;Sous système;;Toutes destinations;Durabilité;Endurance véhicule;Toutes catégories;Physique ;100%;23790;Industrialisation;61.0;UTAC Oued Zem;;OUI;Face avant & Face Arrière & Habitacle & Face Lat;Niveau 3 : Niveau 2 + Garnissages (Portes, Pieds,...)+Pdb + Console [Mofification lourde avec des changements dans l'habitacle, structure modifiée];MC - Full test equipment;Dédié 
Endurance à la manœuvre de porte latérales AV-AR;RESIST TO MECHANICAL ENVIRONMENT;MG2 - DMA;Synthèse;;Toutes destinations;Durabilité;Endurance véhicule;Toutes catégories;Physique ;100%;23790;Industrialisation;61.0;UTAC Oued Zem;;OUI;Face avant & Face Arrière & Habitacle & Face Lat;Niveau 3 : Niveau 2 + Garnissages (Portes, Pieds,...)+Pdb + Console [Mofification lourde avec des changements dans l'habitacle, structure modifiée];BIW + Porte;Dédié 
Essai Validation CEM véhicule;CONTROL VEHICLE EMISSIONS;MG2 - DMA;Synthèse;;;Durabilité;Endurance véhicule;Toutes catégories;;;To be defined;Industrialisation;30.0;IDIADA Espagne;;OUI;Face avant & Face Arrière & Habitacle & Face Lat;Niveau 3 : Niveau 2 + Garnissages (Portes, Pieds,...)+Pdb + Console [Mofification lourde avec des changements dans l'habitacle, structure modifiée];MC - Full test equipment;Dédié 
Essai d'endurance banc 4 vérins des systèmes de portage sur toit (barres de toit, galerie, …);RESIST TO MECHANICAL ENVIRONMENT;MG2 - DMA;Sous système;;Toutes destinations;Durabilité;Endurance véhicule;Toutes catégories;Physique ;100%;To be defined;Industrialisation;10.0;UTAC France;;OUI;Face avant & Face Arrière & Habitacle & Face Lat;Niveau 3 : Niveau 2 + Garnissages (Portes, Pieds,...)+Pdb + Console [Mofification lourde avec des changements dans l'habitacle, structure modifiée];MC - Full test equipment;Dédié 
Essai d'endurance sur banc 26 verins;RESIST TO MECHANICAL ENVIRONMENT;MG2 - DMA;Synthèse;;Toutes destinations;Durabilité;Endurance véhicule;Toutes catégories;Physique ;100%;To be defined;Industrialisation;60.0;UTAC France;;OUI;Face avant & Face Arrière & Habitacle & Face Lat;Niveau 3 : Niveau 2 + Garnissages (Portes, Pieds,...)+Pdb + Console [Mofification lourde avec des changements dans l'habitacle, structure modifiée];MC - Full test equipment;Dédié 
Mesure effort train AR -caisse couplée à la mesure endurance train AR pour banc TRIAXE;RESIST TO MECHANICAL ENVIRONMENT;MG2 - DMA;Sous système;;Toutes destinations;Durabilité;Endurance véhicule;Toutes catégories;Physique ;100%;To be defined;Industrialisation;40.0;UTAC Oued Zem;;OUI;Face avant & Face Arrière & Habitacle & Face Lat;Niveau 3 : Niveau 2 + Garnissages (Portes, Pieds,...)+Pdb + Console [Mofification lourde avec des changements dans l'habitacle, structure modifiée];MC - Full test equipment;Dédié 
Masses et Dimensions;VEHICLE GEOMETRIC ARCHITECTURE;MG2 - DMA;Synthèse;X;Toutes destinations;Masses;Masses;Toutes catégories;Physique ;100%;210;Industrialisation;1.0;UTAC Oued Zem;;OUI;Face avant & Face Arrière & Habitacle & Face Lat;Niveau 3 : Niveau 2 + Garnissages (Portes, Pieds,...)+Pdb + Console [Mofification lourde avec des changements dans l'habitacle, structure modifiée];;Partagé
Masses et Dimensions _ Pesée et dimension véhicule UE 1230/2012;VEHICLE GEOMETRIC ARCHITECTURE;MG2 - DMA;Synthèse;X;Toutes destinations;Masses;Masses;Toutes catégories;Physique ;100%;To be defined;Industrialisation;4.0;UTAC Oued Zem;;OUI;Face avant & Face Arrière & Habitacle & Face Lat;Niveau 3 : Niveau 2 + Garnissages (Portes, Pieds,...)+Pdb + Console [Mofification lourde avec des changements dans l'habitacle, structure modifiée];;
Masses et dimensions - Angle de Stabilité Maximum - TRIAS 2-1971;VEHICLE GEOMETRIC ARCHITECTURE;MG2 - DMA;Synthèse;X;Toutes destinations;Masses;Masses;Toutes catégories;Physique ;100%;To be defined;Industrialisation;1.0;UTAC Oued Zem;;OUI;Face avant & Face Arrière & Habitacle & Face Lat;Niveau 3 : Niveau 2 + Garnissages (Portes, Pieds,...)+Pdb + Console [Mofification lourde avec des changements dans l'habitacle, structure modifiée];;
Masses réelles  TRIAS02-001-01 Pour TDS;VEHICLE GEOMETRIC ARCHITECTURE;MG2 - DMA;Synthèse;X;Toutes destinations;Masses;Masses;Toutes catégories;Physique ;100%;To be defined;Industrialisation;1.0;UTAC Oued Zem;;OUI;Face avant & Face Arrière & Habitacle & Face Lat;Niveau 3 : Niveau 2 + Garnissages (Portes, Pieds,...)+Pdb + Console [Mofification lourde avec des changements dans l'habitacle, structure modifiée];;
Mesure pour endurance train AV pour banc TRIAXE;RESIST TO MECHANICAL ENVIRONMENT;MG2 - DMA;Sous système;;Toutes destinations;Durabilité;Endurance véhicule;Toutes catégories;Physique ;100%;To be defined;Industrialisation;25.0;UTAC Oued Zem;;Non;Face avant & Face Arrière & Habitacle & Face Lat;Niveau 3 : Niveau 2 + Garnissages (Portes, Pieds,...)+Pdb + Console [Mofification lourde avec des changements dans l'habitacle, structure modifiée];MC - Full test equipment;Dédié 
Mesure cartographie température projecteur;RESIST TO MECHANICAL ENVIRONMENT;MG2 - DMA;Synthèse;;Toutes destinations;;;Toutes catégories;;;;;;;;;;;;
